-- MySQL dump 10.13  Distrib 8.0.22, for Win64 (x86_64)
--
-- Host: 127.0.0.1    Database: streamdex
-- ------------------------------------------------------
-- Server version	8.0.22

/*!40101 SET @OLD_CHARACTER_SET_CLIENT=@@CHARACTER_SET_CLIENT */;
/*!40101 SET @OLD_CHARACTER_SET_RESULTS=@@CHARACTER_SET_RESULTS */;
/*!40101 SET @OLD_COLLATION_CONNECTION=@@COLLATION_CONNECTION */;
/*!50503 SET NAMES utf8 */;
/*!40103 SET @OLD_TIME_ZONE=@@TIME_ZONE */;
/*!40103 SET TIME_ZONE='+00:00' */;
/*!40014 SET @OLD_UNIQUE_CHECKS=@@UNIQUE_CHECKS, UNIQUE_CHECKS=0 */;
/*!40014 SET @OLD_FOREIGN_KEY_CHECKS=@@FOREIGN_KEY_CHECKS, FOREIGN_KEY_CHECKS=0 */;
/*!40101 SET @OLD_SQL_MODE=@@SQL_MODE, SQL_MODE='NO_AUTO_VALUE_ON_ZERO' */;
/*!40111 SET @OLD_SQL_NOTES=@@SQL_NOTES, SQL_NOTES=0 */;

--
-- Table structure for table `botlinks`
--

DROP TABLE IF EXISTS `botlinks`;
/*!40101 SET @saved_cs_client     = @@character_set_client */;
/*!50503 SET character_set_client = utf8mb4 */;
CREATE TABLE `botlinks` (
  `link_id` varchar(64) NOT NULL,
  `link` varchar(512) DEFAULT NULL,
  PRIMARY KEY (`link_id`),
  FULLTEXT KEY `idx_link_search` (`link`)
) ENGINE=InnoDB DEFAULT CHARSET=utf8mb4 COLLATE=utf8mb4_0900_ai_ci;
/*!40101 SET character_set_client = @saved_cs_client */;

--
-- Dumping data for table `botlinks`
--

LOCK TABLES `botlinks` WRITE;
/*!40000 ALTER TABLE `botlinks` DISABLE KEYS */;
INSERT INTO `botlinks` VALUES ('00cba710df5447f01002fdbff0119ef45c4125d355c15df9ee931bdd80d84670','https://www.google.com/');
/*!40000 ALTER TABLE `botlinks` ENABLE KEYS */;
UNLOCK TABLES;

--
-- Table structure for table `bots`
--

DROP TABLE IF EXISTS `bots`;
/*!40101 SET @saved_cs_client     = @@character_set_client */;
/*!50503 SET character_set_client = utf8mb4 */;
CREATE TABLE `bots` (
  `bot_id` varchar(8) NOT NULL,
  `controller` varchar(64) DEFAULT NULL,
  `online` tinyint DEFAULT NULL,
  `running` tinyint DEFAULT NULL,
  `current_process` varchar(128) DEFAULT NULL,
  PRIMARY KEY (`bot_id`)
) ENGINE=InnoDB DEFAULT CHARSET=utf8mb4 COLLATE=utf8mb4_0900_ai_ci;
/*!40101 SET character_set_client = @saved_cs_client */;

--
-- Dumping data for table `bots`
--

LOCK TABLES `bots` WRITE;
/*!40000 ALTER TABLE `bots` DISABLE KEYS */;
/*!40000 ALTER TABLE `bots` ENABLE KEYS */;
UNLOCK TABLES;

--
-- Table structure for table `episodelinks`
--

DROP TABLE IF EXISTS `episodelinks`;
/*!40101 SET @saved_cs_client     = @@character_set_client */;
/*!50503 SET character_set_client = utf8mb4 */;
CREATE TABLE `episodelinks` (
  `episode_id` varchar(64) NOT NULL,
  `platform` varchar(32) NOT NULL,
  `country` varchar(64) DEFAULT NULL,
  `timestamp` bigint DEFAULT NULL,
  `available` tinyint DEFAULT NULL,
  KEY `fk_episodelinks_episodes1_idx` (`episode_id`),
  KEY `fk_episodelinks_platforms1_idx` (`platform`),
  CONSTRAINT `fk_episodelinks_episodes1` FOREIGN KEY (`episode_id`) REFERENCES `episodes` (`episode_id`)
) ENGINE=InnoDB DEFAULT CHARSET=utf8mb4 COLLATE=utf8mb4_0900_ai_ci;
/*!40101 SET character_set_client = @saved_cs_client */;

--
-- Dumping data for table `episodelinks`
--

LOCK TABLES `episodelinks` WRITE;
/*!40000 ALTER TABLE `episodelinks` DISABLE KEYS */;
INSERT INTO `episodelinks` VALUES ('e03c8c6505515b3d701fef026d5821c5','netflix','US',1663219438865,1),('f7a2598f6812dd246a3aebb013741732','netflix','US',1663219438934,1),('914fbb748d4ab77602bf8a3ccae18a31','netflix','US',1663219438938,1),('04eddaab6dd730f16f98738320982d29','netflix','US',1663219438942,1),('7b2388e952e853b48c8b7616f29ae6f6','netflix','US',1663219438943,1),('e02b83a4a99e1d3d60ad1449bfea5281','netflix','US',1663219438944,1),('b01db29057d991f5264909be33b34419','netflix','US',1663219438960,1),('e3d2de96317da62861229369330ab9b3','netflix','US',1663219438971,1),('89e2c792453227ac83aff77d3a3fb389','netflix','US',1663219494420,1),('b1bc9a7e043b90474fdb5d01117319ca','netflix','US',1663219494480,1),('7ee08ef06392194fca5952b4db8e0371','netflix','US',1663219494483,1),('3854769ffa74cdb64c7fcbf5a793520f','netflix','US',1663219494483,1),('8199ee541d55189756ed0a650c434f34','netflix','US',1663219494485,1),('f756bead38440b25bb1ee279ea3623e0','netflix','US',1663219494494,1),('c65cbdc2e3d6b97067bfd58f11144546','netflix','US',1663219494495,1),('2f0160da331eaf826d793ae9d02cc25b','netflix','US',1663219494516,1),('692cb04f07f6e53acc3b9c18f305b2a3','hbo_max','US',1663219550926,1),('9385711d0bb6efc77e32bbfca52be88a','hbo_max','US',1663219550989,1),('026ee866c1b0bd3d6d5a5d8e08e72f32','hbo_max','US',1663219550992,1),('a6fbfcc3628c1bb99447aca2f0e6604a','hbo_max','US',1663219550992,1),('4cb3cfee01f7db9dc2bc43a0f3e1ef1b','hbo_max','US',1663219550993,1),('743cd480c9cfbf4f33bff2d408bca823','hbo_max','US',1663219550993,1),('c52a3c1ca644ea1babcbf69fc3818004','amazon_prime','US',1663222435065,1),('3227f9f2917cb5d15739c43c62880706','amazon_prime','US',1663222435333,1),('818a4760a028402a819df9ac7a63ee77','amazon_prime','US',1663222435402,1),('1a3d14bd15b52ce90deaf6971692473b','amazon_prime','US',1663222435403,1),('7352522cbd96921bcf949139f37973b2','amazon_prime','US',1663222435405,1),('17da9e30ef6b6c7975ae9834694c7de7','amazon_prime','US',1663222435445,1),('9d303842e4918bc1b57a15ce345ac073','amazon_prime','US',1663222435446,1),('e60219693aa594dfc8fee5a2f69209c9','amazon_prime','US',1663222435448,1),('979d4e8275d563a0e70044157ea593a4','amazon_prime','US',1663222435458,1),('e871cd06719a493f75a81f14f145bd79','amazon_prime','US',1663222435459,1),('ffc891c8c49b92e97f6f8d731f8b6ba1','amazon_prime','US',1663222435461,1),('8000c53a9ad82ee41c704e5c7577b424','amazon_prime','US',1663222435516,1),('0a84aa6439dba46337fa0e930dbb97d1','amazon_prime','US',1663222435516,1),('e2b12c590a61fdbd1cb797dcffab70dd','amazon_prime','US',1663222435517,1),('f4df0997a3e6a78a4b41422a77aea8ed','amazon_prime','US',1663222435518,1),('ad3562cbe622e27efbac9573c47a6dc1','amazon_prime','US',1663222435527,1),('098a652336ecfeb61997a91f59109cf7','amazon_prime','US',1663222435528,1),('4fe09a178a7a0e3f01f4f703f1de6aed','amazon_prime','US',1663222435585,1),('b3a604c5731d8935e90f6b295e9bec1e','amazon_prime','US',1663222435585,1),('c955a3bb1aca36fc9d2607d9b51ff245','amazon_prime','US',1663222435585,1),('46f59029fdf91768c8ec47c1a05641e2','amazon_prime','US',1663222435586,1),('a91c281bf543738b2789465fbf5dcbb0','amazon_prime','US',1663222435631,1),('2462bf42bd07d060a7f8a00baa46781b','amazon_prime','US',1663222435631,1),('01fb70f076ffc0aac5bb9a68210edfdc','amazon_prime','US',1663222435657,1),('552a3082cbb825e1e2cfd8e8eee4dbf6','hbo_max','US',1663222530594,1),('6fcba4861f37ca23560fb88f2c64e174','hbo_max','US',1663222530752,1),('02c3ee91e6b798959c0136ce7d305206','hbo_max','US',1663222530752,1),('82cbd1d2177884fcc44d9b582a1070bd','hbo_max','US',1663222530815,1),('b9f18d12d638f96199f7bdb7d103c0d9','hbo_max','US',1663222530816,1),('261194150d5248bbdaea512a6147936a','hbo_max','US',1663222530817,1),('7622f841811b0d45b6f7ad04d3dd0b15','hbo_max','US',1663222530818,1),('cbfed807ca8e164168ce2e870607bb27','hbo_max','US',1663222530825,1),('665c4738876dc758786f5caa5cf7b722','hbo_max','US',1663222530825,1),('767c755e98545e3f91106523c2f6836d','hbo_max','US',1663222530883,1),('d544860b933950da68ab8089121b3845','netflix','US',1663222756761,1),('e4d9a42b25daa6419fd75638a50876bd','netflix','US',1663222757091,1),('9695cdb10f22755a038b450bbf7785cc','netflix','US',1663222757092,1),('12d3a839639259f410d3f93cd68ba941','netflix','US',1663222757162,1),('bf58a8857a73031146cc883746eb1ef3','netflix','US',1663222757162,1),('bd1222e2ac7ade4ff12d8edba349420b','netflix','US',1663222757163,1),('937d255505bcb9c5a176f8abf7d56743','netflix','US',1663222757207,1),('0e2f974a217285fce8552fc146ae9b24','netflix','US',1663222757208,1),('2c0987beccf3273a942ec63b73d9dc02','netflix','US',1663222757208,1),('c5fe9ec2c1827fda8c1455dc5e9ea16a','netflix','US',1663222757235,1),('3cab2d8871e45ce3957743eea7f8d4a5','netflix','US',1663222757235,1),('6704f12f41dfd6223b97ee899701c897','netflix','US',1663222757235,1),('8759f8f3214b02b855459b899ccb9b09','netflix','US',1663222757310,1),('aad96d4d5597e452e2462005a6d163df','netflix','US',1663222757311,1),('1ac7d20015803e5bf23dd933903a5c73','netflix','US',1663222757311,1),('ebb89e6a0dba0c5bfd8ea414766e7bb1','netflix','US',1663222757312,1),('d4ee2db6df1fb3eaea736067ca18941e','netflix','US',1663222757312,1),('5a683a6dd484b9a4ef5e4fabddf97bb3','netflix','US',1663222757333,1),('d2dde3c7d063784047ffb1089ab04d66','netflix','US',1663222757383,1),('5a40e4808d118898101664a4ff1917d1','netflix','US',1663222757382,1),('984ec98420a0c0f9cfe454ea0c9187f2','netflix','US',1663222757383,1),('311ae97b6261b9de713d9407acf1d12f','netflix','US',1663222757384,1),('d2d068514bc40c7f6faf3fb545252045','hbo_max','US',1663222967327,1),('cbd65a450a43663c01f4e071666106fb','hbo_max','US',1663222967552,1),('7863aa65da7f347db60bdaf0ed91cf9a','hbo_max','US',1663222967552,1),('baef3bb2a2d3f4cf421e626885fefcd3','hbo_max','US',1663222967596,1),('bc8f5c21592206f028f797a575c0182e','hbo_max','US',1663222967597,1),('be88be56bff27648d1d765f2ac03b7c2','hbo_max','US',1663222967598,1),('03ef4579cc56b4bee2c849148d944761','hbo_max','US',1663222967606,1),('f64436d5943d124fe65ffbc2f1b01e65','hbo_max','US',1663222967606,1),('dbc4fd90b81e11e917983e4f10dbab95','hbo_max','US',1663222967648,1),('730fe3d5177d6ee6a9272719edd9b030','hbo_max','US',1663222967653,1),('6315fd565e13f89f87549bef01f68ccc','hbo_max','US',1663222967654,1),('b0762a23fcd08ddf6039a5fde7b6408e','hbo_max','US',1663222967657,1),('7dcb11b2fb0377c5d2837a816ad49d43','hbo_max','US',1663222967680,1),('ff23620dc0b2d96ce66781a990f3ba8f','hbo_max','US',1663222967731,1),('079453a95a429a71ba276f25eb1a2268','hbo_max','US',1663222967732,1),('88b173751cf987eda95b1ea59c62877b','hbo_max','US',1663222967734,1),('90caf57303dbd0bd64217cac937b5372','hbo_max','US',1663223513256,1),('ef5c36991eb749262d403c63c8e5cebb','hbo_max','US',1663223513442,1),('109ff1ce566e07ee6bf03d68e4ddd22d','hbo_max','US',1663223513442,1),('a311abf4ae15e579b6f6b87ef9a2653d','hbo_max','US',1663223513489,1),('b63f9ab05e44e454b9382f781f269f69','hbo_max','US',1663223513489,1),('75a87049132d7ac34c9fa590d41fb589','hbo_max','US',1663223513490,1),('be27b6788cd413e224bf79a7a936317a','hbo_max','US',1663223513490,1),('dcfeac5592cc9db0ac4b74b1f0420c1a','hbo_max','US',1663223513502,1),('a7957bf86a9f3cb76fef262fef0cb6f0','hbo_max','US',1663223513531,1),('c08c244564554a03cf15ff5dfa298eec','hbo_max','US',1663223513554,1),('4a46b06310255a76859f2067a3c19b19','hbo_max','US',1663223628134,1),('f9def99585d26e1bafc7bcb3083f1157','hbo_max','US',1663223628160,1),('9c13d9fc100950cd7573299332648818','hbo_max','US',1663223628161,1),('d4efa83611a556959ea8db8f1cd204ee','hbo_max','US',1663223628162,1),('33c58b495278514f68810bc1d3903d3e','hbo_max','US',1663223628184,1),('aabe10ceedc87bd346def6dd613f7a46','hbo_max','US',1663223628185,1),('f502effcc72cf2068eda5715a6df139d','netflix','US',1663224087669,1),('3eafc57ebc68edea08883a87060bd6b1','netflix','US',1663224088126,1),('cd641f65b57a832f585480913b578a72','netflix','US',1663224088127,1),('6e5a4f0a0b030a6067e58fe91e44e409','netflix','US',1663224088167,1),('a30a529db9193cad4754ce4de92d958d','netflix','US',1663224088169,1),('1718dd2508fe2c31552b95a773e3bcf2','netflix','US',1663224088169,1),('f0bf3fc137a403c47167dbfc015a2320','netflix','US',1663224088179,1),('c35e9fb84a1d0f8f40842ab94559eb00','netflix','US',1663224088185,1),('2cf3847723608138002080a4ab060d07','netflix','US',1663224088207,1),('cfb42efb31863181c394e731fcce40a4','netflix','US',1663224088244,1),('1a88db106145c4d40f1907018539c92c','netflix','US',1663224088245,1),('4dbf53eb71bcf2bff0f06f65fb42146e','netflix','US',1663224088247,1),('66346080641b9dedc7536e946a38c1c0','netflix','US',1663224088250,1),('0910f85e14e905a8cc416f81e00b330b','netflix','US',1663224088250,1),('4fb589cf200b5404dfa4113db01a732e','netflix','US',1663224088276,1),('04ccd93d73d63e99c8cf4c65c655dad3','netflix','US',1663224088305,1),('87a6b7455f160307d41910dfca94601c','netflix','US',1663224088306,1),('2c05e7ab6a0e2fdcdf9fc0aec6eb3860','netflix','US',1663224088306,1),('d34c98f29aae6801ea475d0d30676c9b','netflix','US',1663224088307,1),('2e37bc092cc465d254ff7746c2777359','netflix','US',1663224088333,1),('e90a61ea2e032d10b466a9ff5da3f1cc','netflix','US',1663224088337,1),('dfc7e7b10f733a9cd4c4893a2d13ec22','netflix','US',1663224088373,1),('b4c508af47c345e91fe56fb12be1b4ab','netflix','US',1663224088373,1),('b20ca92dcd54c5f846b9b71b9b036d5b','netflix','US',1663224088374,1),('a4f4caea12f1b2f01a47f8875e4516be','netflix','US',1663224088373,1),('4fa5fe6eb1ab66da3ebf47802c52dcb1','netflix','US',1663224088395,1),('10853fab97cdddc5b25db3d193fdb195','netflix','US',1663224088395,1),('575ff80d20610af6cbbbb43661ad962a','netflix','US',1663224088470,1),('82c77dcabc60d62a4fea86e117995dbf','netflix','US',1663224088470,1),('ab4aa3d0b93c64e803727f8ccfadbae0','netflix','US',1663224088470,1),('8609809359fa65fd0db01733cbc33217','netflix','US',1663224088471,1),('fe719ba79e489d7a83aa57fa5378eb65','netflix','US',1663224088511,1),('a3ff4638f40c4aa293c0e57afe222a74','netflix','US',1663224088512,1),('10b084543aaaaa64e2f3d6be858c43ec','netflix','US',1663224088538,1),('79e19ace2c67e54cd847bfc347db3ee1','netflix','US',1663224088538,1),('7604d1cde0c6ca37757d3950b47f9552','netflix','US',1663224088539,1),('fbf674663222b6e81dc812357b80eea0','netflix','US',1663224088540,1),('a716e5d0797f4e18ba4b8a73ac1ed97f','netflix','US',1663224088579,1),('ff6f75777e77809d2c15cda807105c27','netflix','US',1663224088580,1),('b52d73751124dbeaad5086d6a43eddee','netflix','US',1663224088594,1),('3dc2f2c996fa73687992c38dd6bc81d0','netflix','US',1663224088594,1),('8d481d69c4f642b0d53c52aab02ba252','netflix','US',1663224088640,1),('1903b6b43d1f943d85c177795e02e157','netflix','US',1663224088641,1),('2929a63af1895c77921864c4a72ccc4d','netflix','US',1663224088642,1),('8a5be5103f863fc3435bec0464c26244','peacock','US',1663224727550,1),('69f1bc0f155375711b50a8a69671d5eb','peacock','US',1663224727963,1),('340a1c407eadec9e1bb075cef55ba573','peacock','US',1663224727999,1),('1f4cb6c084632bd0c3362e19d3e052c9','peacock','US',1663224728014,1),('6d7358c27f85d5d2d6885ad18f21e4d8','peacock','US',1663224728015,1),('7428b8865b68cf8d5847e01d73af529e','peacock','US',1663224728015,1),('103841d4434f223bb54d50cca7565a6f','peacock','US',1663224728016,1),('94057043f2bcf8e1a80362b52dd25b87','peacock','US',1663224728064,1),('6f763000e0913475187a469158f596d1','peacock','US',1663224728079,1),('a26410df8f430421e835d9830782e8e4','peacock','US',1663224728080,1),('649f453feca70b977f70f2974afed122','peacock','US',1663224728080,1),('102a0d3320954915b8fd53e0e99a53b4','peacock','US',1663224728081,1),('eaec7196048fe6ccd7ff3a268602eb6c','peacock','US',1663224728120,1),('3e84d88d92462d85933cc067dc1607eb','peacock','US',1663224728122,1),('d57adde9d4daf7db9036bd6d976b8b95','peacock','US',1663224728159,1),('901ff1616940f6733fd938ff4caa6187','peacock','US',1663224728160,1),('8bca276fe5e4a03ebb88c0910c1711ed','peacock','US',1663224728160,1),('30aa3ecd63766d7fbe002b3c75840207','peacock','US',1663224728160,1),('8d5ca0feb5d2fb3eef9afb56fb8545ed','peacock','US',1663224728184,1),('6b1b9a583e713f03a813ead90ed0c69c','peacock','US',1663224728185,1),('9dfc367ce3831803206e172a17cac341','peacock','US',1663224728227,1),('8c6332f0000481b52d3105efa20ad4be','peacock','US',1663224728228,1),('c7b9d54a25ba3fbd4d10e903ff6be7de','peacock','US',1663224728228,1),('f5a58c18c84cc51dc6cdcaea7a430204','peacock','US',1663224728249,1),('65042897c87179913a525f9dda4a222a','peacock','US',1663224728250,1),('2c0ead77c3ec9acfdf3bceeba73b3496','peacock','US',1663224728271,1),('7dff8cb0765b3b93b7f8769868d0a2a7','peacock','US',1663224728287,1),('402bb051c4ae0860a92cf30f8a13b586','peacock','US',1663224728287,1),('9a1222adf6acb9ab047900b167edb44c','peacock','US',1663224728288,1),('9e728b06be317fb31b76c5b2fabddb9b','peacock','US',1663224728303,1),('7468bcc0043071637f492079085fdc78','peacock','US',1663224728333,1),('62301a0bdc8fb10d32e58a4236ee1af9','peacock','US',1663224728344,1),('7d29175c020cde1b6866a7de96b9cbd7','peacock','US',1663224728345,1),('6eb3a1d5463589b2b050adb3ebdcdd1b','peacock','US',1663224728346,1),('c905d5677330a37b6d0a8a6854b3d377','peacock','US',1663224728354,1),('99d6f543e15ea08e597287057185c9e9','peacock','US',1663224728386,1),('217d23628f698d53d416ec2c5a091901','peacock','US',1663224728392,1),('3cfae3221a3f541b93b305d077aa55e9','peacock','US',1663224728405,1),('e5422c86df7839e0694b552239fee9a2','peacock','US',1663224728406,1),('b683b7399880bd83455ae899edbf1638','hulu','US',1663253295942,1),('912c017c75eb3f9af1612e2473124881','hulu','US',1663253296075,1),('0905fef755a7131b8c8e5ce95e0f2a8e','hulu','US',1663253296125,1),('580facb0edf8da8c2e5c4b498494b720','hulu','US',1663253296130,1),('e0e92d423cfa7d121e26615dce2ed1be','hulu','US',1663253296131,1),('871fcd733680672534a7f163c9712f52','hulu','US',1663253296136,1),('beca6ca960ae165e787d38f46ccb708f','hulu','US',1663253296139,1),('ebd5ec24d48f848700f0b8a18382d371','hulu','US',1663253296139,1),('4c94042c644de9a777f940290d0a082f','hulu','US',1663253296154,1),('0b95f0d23a8f8bf04f959075a3856eb8','hulu','US',1663253296184,1),('04f2e505912a90bc9d4555de071cd820','hulu','US',1663253296185,1),('97edfa779a3a99a7808f2ae8b115cfad','hulu','US',1663253296188,1),('5e4245e449057f88e07454cd32b0b099','hulu','US',1663253296189,1),('eb6520922f8033b8bdbc02b6aa049b8d','hulu','US',1663253296189,1),('76c5e8b0a73575c3ba52196e68f8389e','hulu','US',1663253296190,1),('f486c014e6a21790b37e474f193a1021','hulu','US',1663253296224,1),('468f56d2607c8c7a24a7fa5ee627fc22','hulu','US',1663253296225,1),('3e40155e28606a1429c538f96a0d2d09','hulu','US',1663253296225,1),('0864b1e06ab14ba716f65c536808f12c','hulu','US',1663253296225,1),('3fa4372170b349d4f9699fdb5ddbdf4a','hulu','US',1663253296226,1),('547f986705f087d9205351461604b47e','hulu','US',1663253296229,1),('46a986511017db6abb7dd9a02807af8d','hulu','US',1663253296257,1),('cd219f45762c2c1b0b82c3393cdc1221','hulu','US',1663253296262,1),('51471877a2131f4d9e748ed43c190ee5','hulu','US',1663253296262,1),('d895b2c6155f980f370b3d5f7396ce0e','hulu','US',1663253296263,1),('0017f938f6222cff4ddf840b193fa381','hulu','US',1663253296264,1),('4c04cc0fb38361c7ab18625f4568286f','hulu','US',1663253296264,1),('940364b7658008ffb69a96baf1d04079','hulu','US',1663253296285,1),('3ccc147ee74c2b0ddea54bcbc399a8d1','hulu','US',1663253296295,1),('fc49240e0b4ac4750c79a7951d9b5f38','hulu','US',1663253296303,1),('f482d4c52d5e498a1e12cf0de7496578','hulu','US',1663253296304,1),('d491bcf0d523e20e285591f41891b9ae','hulu','US',1663253296304,1),('6b54420d60e4c9bc895a57a624edb658','hulu','US',1663253296305,1),('f66f22df518a5b0a31abfd09cf509454','hulu','US',1663253296319,1),('bac3d06d4feb31366e89fd2ddeac269f','hulu','US',1663253296328,1),('51c0d64e967e0c6904f14a67c5ab3ec2','hulu','US',1663253296334,1),('bbd849d73b3fcf1f0b8ea83198b9f450','hulu','US',1663253296340,1),('57fe87f028357b3e5d1d4f7e325dfc61','hulu','US',1663253296344,1),('93a7c91a6b6c00b6189a9f9df7c1bde5','hulu','US',1663253296344,1),('08955871cbb39eb0b8a1dbbcdd7d6457','hulu','US',1663253296347,1),('d2360e52bccb9438c548b40eed41923c','netflix','US',1663253602797,1),('42bf5c419841dc07f0802720b8193bdd','netflix','US',1663253602966,1),('6c5d696fa6cd734c104705308ec95082','netflix','US',1663253603034,1),('cb0268c40631a3d863bec37b3cf1c5fc','netflix','US',1663253603035,1),('c464a9e77957292dcacf060a2077185a','netflix','US',1663253603041,1),('1d23fac8c0a9d0ecf63957a4f685014e','netflix','US',1663253603041,1),('da7ac0d8fb7d6ecc1e8225a5c59e5839','netflix','US',1663253603045,1),('c2d67467968cccd6d9cbca3de9e57a5f','netflix','US',1663253603049,1),('6a9bb383702f6cfac7d3a9222c2cbad4','netflix','US',1663253603067,1),('b2718c1aafed989df598a3da0cc56b3a','netflix','US',1663253603076,1),('af32361c0e64692afba7ba99a9394ed9','netflix','US',1663253603075,1),('84b0b8621334fc84daceb1aac0d0138e','netflix','US',1663253603078,1),('7a4a767c755cd9bb5e145286bdeb7f74','netflix','US',1663253603078,1),('16248c3796b6d743eaabb646421b0249','netflix','US',1663253603081,1),('0c40bee402c7e1b9174f74efcf95db6c','netflix','US',1663253603104,1),('1db9891ddaaf915d985997acc682068c','netflix','US',1663253603118,1),('b7806583299ae8d169398f3d8fe78d97','netflix','US',1663253603122,1),('e8ab2a1504ad4994ad1f8ad620adaebf','netflix','US',1663253603122,1),('6d437a92678a91e107201bd6cc9ddc69','netflix','US',1663253603123,1),('98ec431e59f8cb735323928137587bcb','netflix','US',1663253603123,1),('9df9de9b3ffd10fd664687b87e7a12d4','netflix','US',1663253603135,1),('b49e4c54abe1a0e16965fc29ecf6e7d7','netflix','US',1663253603151,1),('595c376e7351a90eb8a96cb43732359c','netflix','US',1663253603156,1),('d50645abd08839b5c1d3d2f07ad1b9ad','netflix','US',1663253603162,1),('ba00b5fb71c60c8bdeb4c81172b9e148','netflix','US',1663253603164,1),('cdf8295a7841a9952fc83d55856b3e98','netflix','US',1663253603165,1),('abff7c44bcae232b66af144ec6dee1ca','netflix','US',1663253603170,1),('a86653d16f54195684f4b88d3354640f','netflix','US',1663253603182,1),('83fb3faa62a3849f03334a85a32c5262','netflix','US',1663253603187,1),('fbf9cd58ff6f92680f3619f62c89c9f9','netflix','US',1663253603195,1),('1ef310899879398f695e9bc5cd5e1b8b','netflix','US',1663253603203,1),('afa6e7dfc5ceef9ae041a295ec6a31ab','netflix','US',1663253603205,1),('81389e6fb7709c106d47bfefe380f0ef','netflix','US',1663253603205,1),('7dbd21679eb2e4efca46fce99d8231f3','netflix','US',1663253603213,1),('e44ecee52c81e7343e1fde88df38ef21','netflix','US',1663253603220,1),('bbf16ca7908c8ac7e212e6ff4b1744f7','netflix','US',1663253603236,1),('dab22a3c86d1bc177bc3ae657bec1a79','netflix','US',1663253603245,1),('eb6246c0b5316e99c81bb4a2cf20dca1','netflix','US',1663253603275,1),('da20094784e2704ebfc71286ae7b7857','netflix','US',1663253603276,1),('fc9848efb626e6625bdc486d6319b6fe','netflix','US',1663253603284,1),('733fcba46ae506bc107d87f63368310a','netflix','US',1663253603284,1),('1b5459f8616fb8329f747be932f61e68','netflix','US',1663253603296,1),('73749982f73e74f2d73038e24aae010d','netflix','US',1663253603299,1),('3ebb8f65dfb6abdcfc2a0351118073bf','netflix','US',1663253603307,1),('41d28963e008d1f1ed3679c43d568bfe','netflix','US',1663253603320,1),('bd222c0ae608ba798df7015230036e93','netflix','US',1663253603324,1),('938768c0697fe71e4f81342237e5c0c5','netflix','US',1663253603324,1),('256a328f51147d4971614076c05e780b','netflix','US',1663253603328,1),('e0e7868aaf72e40b2e3852e20d92452c','netflix','US',1663253603332,1),('53e718f23882cdb3293ea7aa87172f30','netflix','US',1663253603350,1),('39ff197af5bb99cb819876d990c06678','netflix','US',1663253603355,1),('20a178c34eee16c289bd5964b9f29144','netflix','US',1663253603356,1),('b021e87cf2bdf1e2a43a2276326a7a99','netflix','US',1663253603368,1),('04a679806058d52a044bee0953d92169','netflix','US',1663253603372,1),('e70bcb91a9867188a4ea26806fa89b26','netflix','US',1663253603372,1),('3999100858c1bd03c67eaa006fed6fba','netflix','US',1663253603385,1),('5de0e3085ac989dc2a7b2eb31753fcb3','netflix','US',1663253603387,1),('92d1c20d8f998fb0e00f5a3d7ee7b2a4','netflix','US',1663253603388,1),('78d5fab84219c8ec86e3e0bdbf630af9','netflix','US',1663253603402,1),('90f94aa98b81c3c3d4bc6a80a5a61d3d','netflix','US',1663253603403,1),('882da4b1aea2bc9b8dd8dc5b27fccf8e','netflix','US',1663253603405,1),('ce0197a08c6410413d4af7f0bc959092','netflix','US',1663253603413,1),('c0d8b0412c17cf29b01aaabbb7511218','netflix','US',1663253759139,1),('ac8b497d40983e9df7c48850408a0272','netflix','US',1663253759238,1),('984e8d002ec1e7e77d11468dac7b882e','netflix','US',1663253759304,1),('14dacee82d52edda7fead202b7e232a3','netflix','US',1663253759305,1),('22ad147611a31b8e8d64cc53627081fc','netflix','US',1663253759309,1),('c39e57e3557616d9c617ddf1df02f4e3','netflix','US',1663253759310,1),('930761b55a41467888505c7f6174787c','netflix','US',1663253759315,1),('fb8186825a4b9416ec37d2e7dcc80ba5','netflix','US',1663253759318,1),('4677307c222db60db66a305f02e81b71','netflix','US',1663253759334,1),('31e0e64c8d0d3b53fbcae78ee40ca548','netflix','US',1663253759338,1),('86c97e81e4d2ddd211d24aa79a420e26','netflix','US',1663253759356,1),('86021bbac16e06db5f8d0ecc86f175ca','netflix','US',1663253759361,1),('aceb52846123889a6b49525772f147a5','netflix','US',1663253759365,1),('ba88ba9127a924fea64eef67538aee92','netflix','US',1663253759365,1),('8a1bc3e791221f165722270326b31db6','netflix','US',1663253759370,1),('a989822dc8ed633268113a32c02086c4','netflix','US',1663253759373,1),('5b0bd588536b927b7214ade805eac2dc','netflix','US',1663253759383,1),('76fa11c31614941c308e3b164c6ab20d','netflix','US',1663253759390,1),('39dadeb48de82ff32a20032543fbb453','netflix','US',1663253759394,1),('f8b92e9ff6ba3d73de661563c42c1e06','netflix','US',1663253759402,1),('0c323b5977d3a374caf8167149b4cd70','netflix','US',1663253759406,1),('ec55d6c04a1939abad38dffc12addd00','netflix','US',1663253759406,1),('4cf793e80cd20ecbfad9fb816e897ed8','netflix','US',1663253759410,1),('e4610248ac364ef263c6f65f34856e4e','netflix','US',1663253759422,1),('89cedee64300658d96b14bd7ba8e88c0','netflix','US',1663253759427,1),('b9c1d2edf426d341788d27a64ed2644e','netflix','US',1663253759434,1),('3a85a5a451d1c84a31d97fb4d71c51e0','netflix','US',1663253759438,1),('f92e6d59a04ac3d9bc340277a5ac58b2','netflix','US',1663253759439,1),('f0c814fcd2ce687f5c8aa2a8dac46474','netflix','US',1663253759441,1),('2134fdb29ea724757cbce3496f45c33b','netflix','US',1663253759454,1),('f21ba1e083e483690239246b7f1ba522','netflix','US',1663253759459,1),('ce2cb3f030ad0074bb3c91a94412358b','netflix','US',1663253759463,1),('8d2f806cff7cca92e645cb8bfcb6ea70','netflix','US',1663253759468,1),('990fcee7171a22ea5f32c01a361a6314','netflix','US',1663253759474,1),('e06f2126ad65ae6eff34503e869c237e','hulu','US',1663254051825,1),('e06f2126ad65ae6eff34503e869c237e','hbo_max','US',1663254051954,1),('e0e432a213edb428386e7099a7a26f85','hbo_max','US',1663254052047,1),('e0e432a213edb428386e7099a7a26f85','hulu','US',1663254052056,1),('755373df5f928118808d9746df448308','hbo_max','US',1663254052088,1),('755373df5f928118808d9746df448308','hulu','US',1663254052095,1),('0a143967e722a1bff293768e53cb98d4','hbo_max','US',1663254052095,1),('0a143967e722a1bff293768e53cb98d4','hulu','US',1663254052096,1),('fc678a5e1559f685995cdd784fcac38d','hulu','US',1663254052098,1),('fc678a5e1559f685995cdd784fcac38d','hbo_max','US',1663254052099,1),('eceabaf3f1a9bbd23e17748a813d0b4c','hulu','US',1663254052119,1),('7b23dec5db446c3a89f0ac366615fbf7','hulu','US',1663254052123,1),('b04f1a6dac28b5567c7b1f7d4b8c787c','hbo_max','US',1663254052134,1),('b04f1a6dac28b5567c7b1f7d4b8c787c','hulu','US',1663254052138,1),('7b23dec5db446c3a89f0ac366615fbf7','hbo_max','US',1663254052138,1),('eceabaf3f1a9bbd23e17748a813d0b4c','hbo_max','US',1663254052138,1),('ee4eb8d602cd98427f1f265afddfbbcb','hulu','US',1663254052152,1),('3208b25be86d6972f309f56defafe872','hulu','US',1663254052166,1),('ee4eb8d602cd98427f1f265afddfbbcb','hbo_max','US',1663254052171,1),('3208b25be86d6972f309f56defafe872','hbo_max','US',1663254052171,1),('97c11f402bf733a448fa8f2ffcdd8e00','hbo_max','US',1663254052171,1),('97c11f402bf733a448fa8f2ffcdd8e00','hulu','US',1663254052171,1),('88745e3dd459f99d688b27d02ef0c727','hulu','US',1663254052181,1),('88745e3dd459f99d688b27d02ef0c727','hbo_max','US',1663254052192,1),('522aa524af715f7a48995d4b12c2cf0d','hulu','US',1663254052198,1),('6bc44897b13f92ffe28eb163dcd3aefa','hulu','US',1663254052204,1),('6bc44897b13f92ffe28eb163dcd3aefa','hbo_max','US',1663254052209,1),('5e7148b461cfedadbe163b8d431d4b72','hulu','US',1663254052209,1),('522aa524af715f7a48995d4b12c2cf0d','hbo_max','US',1663254052210,1),('c1856a93fd8122d476c84f20db2d5e6b','hulu','US',1663254052223,1),('5e7148b461cfedadbe163b8d431d4b72','hbo_max','US',1663254052228,1),('c1856a93fd8122d476c84f20db2d5e6b','hbo_max','US',1663254052233,1),('ab92ba1d3986d5b5f51940ec51a94921','hulu','US',1663254052238,1),('53e52275451a6a1238cad63a22d4e947','hbo_max','US',1663254052241,1),('ab92ba1d3986d5b5f51940ec51a94921','hbo_max','US',1663254052241,1),('53e52275451a6a1238cad63a22d4e947','hulu','US',1663254052250,1),('9561d097950991f60d77be3c2b138488','hulu','US',1663254052255,1),('b8c951902ec68a33d5e87eeb8246e84d','hulu','US',1663254052259,1),('9561d097950991f60d77be3c2b138488','hbo_max','US',1663254052267,1),('b8c951902ec68a33d5e87eeb8246e84d','hbo_max','US',1663254052271,1),('921434800d05b5fb1766d8dc55f79b6f','hulu','US',1663254052276,1),('921434800d05b5fb1766d8dc55f79b6f','hbo_max','US',1663254052280,1),('d08303044f19676cce8d2f0e46e8f2ba','hulu','US',1663254052292,1),('308d6bb8f3b2db0292a35d2823ff3a6a','hulu','US',1663254052296,1),('d08303044f19676cce8d2f0e46e8f2ba','hbo_max','US',1663254052297,1),('308d6bb8f3b2db0292a35d2823ff3a6a','hbo_max','US',1663254052298,1),('75b2424d0dff7f650b74f0ba946b1d72','hulu','US',1663254052306,1),('75b2424d0dff7f650b74f0ba946b1d72','hbo_max','US',1663254052310,1),('48cd334e3080e9887bbf899b8a122c3b','hulu','US',1663254052324,1),('48cd334e3080e9887bbf899b8a122c3b','hbo_max','US',1663254052328,1),('82ac9dc4838549ebc6ce2ff1757362d1','hbo_max','US',1663254052329,1),('82ac9dc4838549ebc6ce2ff1757362d1','hulu','US',1663254052331,1),('1737d51174cd0e9f453f02867500f838','hulu','US',1663254052334,1),('1737d51174cd0e9f453f02867500f838','hbo_max','US',1663254052340,1),('f14b6eb59b1a36798bd274d9aa97fa39','hulu','US',1663254052353,1),('f14b6eb59b1a36798bd274d9aa97fa39','hbo_max','US',1663254052355,1),('2c9c6f143e74c70170fca0c991fb471d','hulu','US',1663254052364,1),('2c9c6f143e74c70170fca0c991fb471d','hbo_max','US',1663254052367,1),('5fe98cb51d11c066efd272b563961030','hulu','US',1663254052368,1),('5fe98cb51d11c066efd272b563961030','hbo_max','US',1663254052370,1),('04dcaee474fd46f4d74c642072461a92','hbo_max','US',1663254052384,1),('04dcaee474fd46f4d74c642072461a92','hulu','US',1663254052385,1),('cf34b8f2868ef3835a8a0c8970be28b6','hulu','US',1663254052394,1),('cf34b8f2868ef3835a8a0c8970be28b6','hbo_max','US',1663254052397,1),('da53c228f191140ad47e35d120a26f76','netflix','US',1663254258499,1),('67b2eda983d471ada433bb6ed5413d0e','netflix','US',1663254258661,1),('51ca12c544efa7260374b076ed530e6b','netflix','US',1663254258664,1),('4d50689fc0a5e75f591cd22e05569f6b','netflix','US',1663254258664,1),('6910b886ca4b91f5728acf7db775326e','netflix','US',1663254258664,1),('218d08d6f2f18ab28698b26dad73e6f9','netflix','US',1663254258665,1),('f2a1ad91eae05a1e71d9466e5a12d02c','netflix','US',1663254258668,1),('ed3acdbb7631fbbc5124da577c35797c','netflix','US',1663254258705,1),('0cc559104cb5a81013f37dfc4b0ccccb','netflix','US',1663254258705,1),('c5815410254080770c7c3860afbab806','netflix','US',1663254258706,1),('a5189cd1d71b273275938297cc839947','netflix','US',1663254258707,1),('96196db00a4b58856ce2693f8ef5708d','netflix','US',1663254258707,1),('65aa0197866351b1ea1473640f259a2d','netflix','US',1663254258708,1),('3d11531cdfe1306a79ad2d1207a2bc91','netflix','US',1663254258756,1),('c9f3b6155f20b56a7789fd7db4755d13','netflix','US',1663254258756,1),('e22d3da4f504aed89b4f61eca58ce9ac','netflix','US',1663254258756,1),('ab04d76844c83853d134d12a632c703c','netflix','US',1663254258757,1),('9a90b90f8ba795f878f875aabd2530e0','netflix','US',1663254258758,1),('e7ec96fd6d8f0e3f13f15a2ae89474b3','netflix','US',1663254258758,1),('a25e23cf2dd66d3bf750f69ec03f4dfa','netflix','US',1663254258795,1),('1ac049ca46d9391f97c438f78caf6750','netflix','US',1663254258798,1),('3edcf1a873a8fb48e9850ab0aa7b22ba','netflix','US',1663254258799,1),('af65be1cdf006fa6989fa65e712a9e00','netflix','US',1663254258799,1),('243b5dd76b20843b89cb9b3d33d259fc','netflix','US',1663254258799,1),('bf524557989a4b197fd3523560f81b98','netflix','US',1663254258801,1),('394a58b14cf1048caa37fca0c0c67965','netflix','US',1663254258841,1),('949e968b5c5b7f14cf142adc3cdeef35','netflix','US',1663254258847,1),('ee29179978bd10cd714c4fac507e38be','netflix','US',1663254258847,1),('21ff2d3be05bc2ac801375034567fb14','netflix','US',1663254258847,1),('8929bffbcc49a62e79145ddfff9d6cb3','netflix','US',1663254258849,1),('08601cbb83d77dd684c811661514f9f7','netflix','US',1663254658589,1),('305523bc74a3ad0ff88d03974fd8d362','netflix','US',1663254658730,1),('5095bde8ac45690c75401cc838b52593','netflix','US',1663254658747,1),('20687ca7fdc8bd155a80be354753646f','netflix','US',1663254658751,1),('4d5dce56e747727e09b76d7d5104f24e','netflix','US',1663254658753,1),('465937bd5f5e9023bfedbc775c9ed1a1','netflix','US',1663254658775,1),('2657002fe7e658f77d2a35c999b5bc78','netflix','US',1663254658777,1),('2320a19ead0ef204362ad751b0e93357','netflix','US',1663254658777,1),('d23ddafde4f5b9ad430d559a0508fabb','netflix','US',1663254658782,1),('697d0bf1460f56d750c34fca192f96af','netflix','US',1663254658785,1),('4b67f5dec939f3d9f1905de2eefee740','netflix','US',1663254658811,1),('0ad4c0a5be802b3d120c0c1570650e36','netflix','US',1663254658814,1),('ae30588c7aba21284b7a0758e435f43a','netflix','US',1663254658822,1),('b6de8f7d890ed12f832488d1a05232dd','netflix','US',1663254658826,1),('b0c0e2f0ce2014329202e319f2410a0a','netflix','US',1663254658828,1),('a046794a235754f6dc2ff4ed86b61202','netflix','US',1663254658832,1),('0d327531a1bdf209a3ba8ec6bf386df3','netflix','US',1663254658849,1),('8e35871304cbca5f0cca487e6801b7db','netflix','US',1663254658852,1),('e242c54fa620407e8f0432bcad867f98','netflix','US',1663254658858,1),('84a9c4fce688aedbf5712c6163e0877d','netflix','US',1663254658862,1),('17f018bf8687d0f715b221f8f1a4d961','netflix','US',1663254658868,1),('cb44d1cb4d5e1f29b6705288a3e0ddd3','netflix','US',1663254658868,1),('474a40e864e1c69dc216f443dffcd824','netflix','US',1663254658887,1),('390084ca09d1f08e0b63365eab181157','netflix','US',1663254658893,1),('b6d635e9940121c4e2092be10aa25559','netflix','US',1663254658897,1),('60ae0bd94e97598f3e0322eb8f353d7b','netflix','US',1663254658898,1),('3fb351330a41bd484bd183da5324fa40','netflix','US',1663254658899,1),('a2e0ed8c3460d23d634665a25a1d7a0b','netflix','US',1663254658902,1),('2c93cf8964cffd095787617abec719c4','netflix','US',1663254658921,1),('77dd736febaaa10c6474fd85fefee0cd','netflix','US',1663254658924,1),('43211d3b433a41e6155b56be60f06613','netflix','US',1663254658935,1),('454c5c4abe528d90f72041681e8c4981','netflix','US',1663254658939,1),('0fafd52359831cbf1db2d344808ca4fb','netflix','US',1663254658943,1),('a82ef153952a738c48c0ec910c67ccae','netflix','US',1663254658944,1),('6b55705f29117edf7dadaa26bf444f93','netflix','US',1663254658958,1),('d34571db964532a750109b3669e9426a','netflix','US',1663254658960,1),('ddfbee9d12b3b48e5666db57097d5b81','disney_plus','US',1665688768404,1),('cb364460f70ed7574381829938cce044','disney_plus','US',1665688768461,1),('21323f5badaac035eadef99ef475aae6','disney_plus','US',1665688768461,1),('856a1a3fbea0598aa9e5ea6b9432e7a3','disney_plus','US',1665689811724,1),('c01ff0eda8c4062c965eb0b304d50c0f','disney_plus','US',1665689811725,1),('fb2df2558ed58e987fbe8924c8ec42b8','disney_plus','US',1665689811726,1),('8e55f37012633b6060defa96592aadb3','disney_plus','US',1665689811726,1),('1ce13bbe70b493321d37b147e0054309','disney_plus','US',1665689811726,1),('e5ec289540c78e4928d5244adfe81c55','disney_plus','US',1665689811727,1),('9a9925f8900c9c896caf783a13f1dc58','disney_plus','US',1665947490793,1),('2dbcb56609866c6a28afb23060a7757a','disney_plus','US',1665947490796,1),('86e1d72a173256de5e74c0f25404a8ab','disney_plus','US',1665947490796,1),('2a6c06044fb90cc4c8bcb8a0944ab17f','disney_plus','US',1665947490797,1),('2101103748cf9f6849e242a15b343db5','disney_plus','US',1665947490798,1),('678ed8ecefcf98e451ff66fd859b7be8','disney_plus','US',1665947490798,1),('f28d5af3e63e74b46d468ae915c956d2','disney_plus','US',1665947490799,1),('5fe6c636a528dae557fc2c6986a00448','disney_plus','US',1665947490799,1),('118e8aefc6be0611b21db38f562af4d6','disney_plus','US',1665947490800,1),('e42f9e859d7df5c3168de1c77189278d','disney_plus','US',1665947490801,1),('2a07f3f1686673a78863817c20c46284','disney_plus','US',1665947516583,1),('b2423a87666d06f617ac3f0cfd2a3f57','disney_plus','US',1665947516583,1),('f77bc249e2eebc33674ccfba657182ce','disney_plus','US',1665947516584,1),('5b4e15a9d41cf41c2a59f052be13b4cc','netflix','US',1665947595421,1),('74204e8ee6a6da2aac38ca5a8aa464ab','netflix','US',1665947595504,1),('b4bb98f4a77364b784f046f4d469b03b','netflix','US',1665947595506,1),('45ba29625b517787f08b24f43349f56c','netflix','US',1665947595508,1),('1a9debf76b7e68c3598c0b29c10bc256','netflix','US',1665947595510,1),('4615ac12354a5f89353d34de2588c16c','netflix','US',1665947595510,1),('6bf4ee00842f22fdb316843f1e22c605','netflix','US',1665947595512,1),('0cc351ed43939088c9d675b4b26288b0','netflix','US',1665947595512,1),('693652bc804de66dc7a9d35c9130edaa','netflix','US',1665947595510,1),('02ef4d9f8e80672dd895119641cc989d','netflix','US',1665947595515,1),('dc80fb169f13a1dca9584902018046c5','disney_plus','US',1665947743346,1),('c415b694fe9f139d5cc23df7c7c970c7','disney_plus','US',1665947743350,1),('28a76378fed3baa88024c4cb2725120a','disney_plus','US',1665947743352,1),('f3dbd2087ee97aef2574582ded0cb572','disney_plus','US',1665947743353,1),('8a95a66ab7a569922382e746fcef76ec','disney_plus','US',1665947743355,1),('8af55361a7f83990c2d87934f767d56c','disney_plus','US',1665947743354,1),('661bd1350f7967bbdb901f738922a84e','disney_plus','US',1665947743359,1),('4679ddd92f8146b08d8f59b751081473','disney_plus','US',1665947743360,1),('5b9c11a10a3650b7effdb9f8adb79cf0','disney_plus','US',1665947743362,1),('0d16eb7a4d97c5704a062618fb7f72ae','disney_plus','US',1665947743362,1),('57e243cb10cb4cf8376e573077440e14','disney_plus','US',1665947743363,1),('63d8000df30284e08e64bfdd8e7167fe','disney_plus','US',1665947743365,1),('fb453acb2f472dc0e580a49f05338643','disney_plus','US',1665947860314,1),('123f637d18f89097e15661174ff453e0','disney_plus','US',1665947860314,1),('39374c47c198c8afbd5a0151b956934b','disney_plus','US',1665947860315,1),('d86ee4db83d333a09478984d8da3d4dc','disney_plus','US',1665947860315,1),('fa8d29cd57fa271f7ead8b420c554e5d','disney_plus','US',1665947860321,1),('af6d67cfdc4f62acdc2384e309c2ccca','disney_plus','US',1665947860338,1),('83e773f4d50b29b0cf30dd17cf52b724','disney_plus','US',1665947860339,1),('74a33f62337901bae2dc4c0d665205a3','disney_plus','US',1665947860338,1),('16cc82afe357601b81a4e96c6176349a','disney_plus','US',1665947860340,1),('62bb4e03f44ab1df27980fae49552a88','disney_plus','US',1665947860345,1),('d29063ba54320700d5522ce68e3115f4','disney_plus','US',1665947860351,1),('b53da041eb463283df83215f56bbb37c','disney_plus','US',1665947860351,1),('ea9bb8dfdfb28bc04b62da2b80f6643d','disney_plus','US',1665947860351,1),('cfff1d6cf38ab50405409c34034d6552','disney_plus','US',1665947860352,1),('daabf4e5eacb34dc0ebc3e30839002e8','disney_plus','US',1665947860354,1),('864ea21000e36c5c590c12db246340ee','disney_plus','US',1665947860355,1),('cb41237cf814c8838d592f5e68c39ef1','disney_plus','US',1665947860357,1),('404022fa2c1e9f185c00a83c2b8846b5','disney_plus','US',1665947860357,1),('b70dc8ff86e3117d2a875b7d942337e5','disney_plus','US',1665947860358,1),('949d1afae55779af69fb568bd817a536','disney_plus','US',1665947860360,1),('40beeeb67f349f2412b53a2c4e5cfc34','netflix','US',1665947962588,1),('dad692ddeb941420af5992385f3a78c1','netflix','US',1665947962662,1),('00ea59d44545e3e5e16ecd4d3687962b','netflix','US',1665947962664,1),('e39a9f1c8f73fac87e85e62908232e8e','netflix','US',1665947962664,1),('62af94fea4dca32a12992ca706a89218','netflix','US',1665947962665,1),('7eac41c2d9bbbc2511ae90f14a92f47a','netflix','US',1665947962664,1),('280bbc2a9dac51802494cb240ada7075','netflix','US',1665947962665,1),('68f75b08b03c0b20b249ae4d8e40fcf9','netflix','US',1665947962666,1),('2669a3c4dc8dabd2126ad5f003c5c6de','netflix','US',1665947962668,1),('a512f8953842a03e81be843f95d3f0a0','netflix','US',1665947962668,1),('52c3b0bb3f091cc70e922e3507ea6d4c','netflix','US',1665948010090,1),('735bba82ac06a8749a5a7c409431549b','netflix','US',1665948010160,1),('c14584c65e5a1d9dcae3733eeccd02dd','netflix','US',1665948010159,1),('151e5a13599159180070e88ef6912a96','netflix','US',1665948010159,1),('38716b636998bc17870cc1995534318b','netflix','US',1665948010161,1),('f91c57c0a649865fae319a6a485013cd','netflix','US',1665948010162,1),('714f87a3e24fabd338133f6fdfe32638','netflix','US',1665948010162,1),('aa23ce1b683a0f04c78602b4ac7234ef','netflix','US',1665948010163,1);
/*!40000 ALTER TABLE `episodelinks` ENABLE KEYS */;
UNLOCK TABLES;

--
-- Table structure for table `episodes`
--

DROP TABLE IF EXISTS `episodes`;
/*!40101 SET @saved_cs_client     = @@character_set_client */;
/*!50503 SET character_set_client = utf8mb4 */;
CREATE TABLE `episodes` (
  `season_id` varchar(64) NOT NULL,
  `episode_id` varchar(64) NOT NULL,
  `episode_number` int DEFAULT NULL,
  `name` varchar(64) DEFAULT NULL,
  `runtime` int DEFAULT NULL,
  `description` varchar(1024) DEFAULT NULL,
  `rel_date` date DEFAULT NULL,
  PRIMARY KEY (`episode_id`),
  KEY `fk_episodes_seasons1_idx` (`season_id`),
  CONSTRAINT `fk_episodes_seasons1` FOREIGN KEY (`season_id`) REFERENCES `seasons` (`season_id`)
) ENGINE=InnoDB DEFAULT CHARSET=utf8mb4 COLLATE=utf8mb4_0900_ai_ci;
/*!40101 SET character_set_client = @saved_cs_client */;

--
-- Dumping data for table `episodes`
--

LOCK TABLES `episodes` WRITE;
/*!40000 ALTER TABLE `episodes` DISABLE KEYS */;
INSERT INTO `episodes` VALUES ('6288f49e4b1e678048a821e18b51ca23','0017f938f6222cff4ddf840b193fa381',8,'Who Rules the Land of Denial?',NULL,'Nikki struggles to survive; Emmit gets spooked; Sy joins Varga for tea.',NULL),('c9bb9c73b7af5b6092c4b01a1d1e5747','00ea59d44545e3e5e16ecd4d3687962b',6,'Girl on Fire',NULL,'Maine doesn\'t seem to be himself. But the team has bigger fish to fry: They must race against time to extract vital information from their prisoner.',NULL),('7fe2b63727cb33ea372831821b418edd','01fb70f076ffc0aac5bb9a68210edfdc',8,'The Instant White-Hot Wild',NULL,'Calling all patriots! Let\'s show Homelander we\'ve got his back and we\'re not going to let Starlight and her House of Horrors get away with trafficking children and drinking their adrenaline! It\'s time for real Americans to fight back! Join the Hometeamers and Stormchasers tomorrow at Vought Square! Stand back and stand by!',NULL),('1adcca458d51bd79636afa8631eaac1a','026ee866c1b0bd3d6d5a5d8e08e72f32',6,'Pretend Daddy',NULL,'The aftermath of a birthday party causes Nathan to re-evaluate his entire project.',NULL),('9f46394252e21a14fcfacf1d5fce8c5b','02c3ee91e6b798959c0136ce7d305206',2,'A Damned Man',NULL,'Stede battles feelings of guilt while hunting for missing hostages. Lucius makes a surprising discovery.',NULL),('06d23249bd626297328fec95553a2597','02ef4d9f8e80672dd895119641cc989d',9,'All Monsters Attack',NULL,'After receiving bad news from home, Abbi attempts to replicate the cure. Juan attends a party. Tilda tries to warn Sarkov of the risks of using nanobots.',NULL),('c25d88acc0a04d27318f4bf425f9619e','03ef4579cc56b4bee2c849148d944761',6,'The Next Episode',NULL,'On Halloween, Jules starts exhibiting concerning behavior; McKay questions his future in football; Cassie spends some time with Daniel; Kat continues to push Ethan away; Nate comes up with a plan.',NULL),('7c707671b4d78ee52845e4f99ed2451d','04a679806058d52a044bee0953d92169',8,'Gliding Over All',NULL,'Walt expands his business overseas, and the money is pouring in.',NULL),('487b0f546e89568b8868b9392b12c8fa','04ccd93d73d63e99c8cf4c65c655dad3',10,'The Gold Coast',NULL,'Marty makes plans without telling Wendy. Darlene sends a message via Jonah. Wyatt learns the truth about his dad. Ruth realizes Cade must be stopped.',NULL),('ba6929a18653f4f28071a40ac01bb12b','04dcaee474fd46f4d74c642072461a92',7,'Computer Repair / Psychic',NULL,'Nathan helps a computer repair shop earn the public\'s trust, and a psychic\'s marketing turns personal.',NULL),('b6f011caf4141f05b8e7d29814348732','04eddaab6dd730f16f98738320982d29',5,'Bottled Appetites',NULL,'Heedless of warnings, Yennefer looks for a cure to restore what she\'s lost. Geralt inadvertently puts Jaskier in peril. The search for Ciri intensifies.',NULL),('4f9a710a1cff57ba5c0990658f9b0be7','04f2e505912a90bc9d4555de071cd820',10,'Morton\'s Fork',NULL,'Molly takes the lead, while Gus pursues a hunch. Lester manipulates a situation, and Malvo finds a new target.',NULL),('0539233281207ccb85774270be7723e8','079453a95a429a71ba276f25eb1a2268',7,'The Theater and Its Double',NULL,'Art imitates life as the East Highland crew watches their complicated dynamics reflected in Lexi\'s long-awaited play.',NULL),('5c5f8e66ac662642d218e4c13fd5ad42','08601cbb83d77dd684c811661514f9f7',1,'Episode 1',NULL,'Thomas Shelby plans to fix a horse race; some guns turn up stolen.',NULL),('bcb1698c4ad595eabff5c9662b05c401','0864b1e06ab14ba716f65c536808f12c',9,'The Castle',NULL,'In an attempt to stop the Kansas City mob, the police decide to use Ed and Peggy as bait. Hanzee betrays the Gerhardts and takes revenge.',NULL),('39fd70e7880c97d1d311085a9979f935','08955871cbb39eb0b8a1dbbcdd7d6457',10,'Happy',NULL,'Loy forms an uneasy alliance, Odis finds peace, Josto settles the score, Ethelrida takes a risk and Oraetta gets spooked.',NULL),('4f9a710a1cff57ba5c0990658f9b0be7','0905fef755a7131b8c8e5ce95e0f2a8e',3,'A Muddy Road',NULL,'Malvo flips the script on the blackmail operation. Molly sets a trap, and Gus debates whether he should come clean. Lester\'s return to work has complicated repercussions.',NULL),('487b0f546e89568b8868b9392b12c8fa','0910f85e14e905a8cc416f81e00b330b',5,'Game Day',NULL,'Agent Petty\'s revelation tests the loyalties of Marty, Ruth and the cartel. Despite the FBI closing in, the Snells refuse to destroy their poppies.',NULL),('7fe2b63727cb33ea372831821b418edd','098a652336ecfeb61997a91f59109cf7',2,'The Only Man in the Sky',NULL,'Homelander, America\'s greatest Supe. Defending our shores from sea to shining sea. Today, America honors him on his birthday. Vought Shopping Network is celebrating by offering an exclusive Homelander Limited Birthday Edition Gold Coin.',NULL),('8306799d1deead7f0e0505118a8d861f','0a143967e722a1bff293768e53cb98d4',4,'Gas Station/Caricature Artist',NULL,'Nathan helps an independent gas station by devising the world\'s greatest rebate. He also attempts to make a fledgling caricature artist famous.',NULL),('04aea369458f234ff90282a5d44b02aa','0a84aa6439dba46337fa0e930dbb97d1',4,'Nothing Like It in the World',NULL,'Milk, Hughie, and Annie go on a road trip to find Liberty. Frenchie has relationship problems, and Homelander continues to unravel.',NULL),('b3c9a42f45391bf6dd68037c00cdbad5','0ad4c0a5be802b3d120c0c1570650e36',5,'Episode 5',NULL,'The Peaky Blinders are under attack. Tommy\'s power base in London is obliterated, and both Arthur and Michael are arrested and imprisoned.',NULL),('bcb1698c4ad595eabff5c9662b05c401','0b95f0d23a8f8bf04f959075a3856eb8',1,'Waiting for Dutch',NULL,'In a small Minnesota town, a shooting at a diner disrupts the lives of a state officer, a married couple, and a North Dakota crime syndicate.',NULL),('854212de47a60a6be3fd2d69e50af097','0c323b5977d3a374caf8167149b4cd70',4,'Chapter Four: The Sauna Test',NULL,'A code red brings the gang back together to face a frighteningly familiar evil. Karen urges Nancy to keep digging, and Robin finds a useful map.',NULL),('1fb0aac48948321f45cb5eaf2396c34c','0c40bee402c7e1b9174f74efcf95db6c',8,'Better Call Saul',NULL,'Badger is caught by the DEA. Walt and Jesse hire the best criminal lawyer in town, Saul Goodman.',NULL),('06d23249bd626297328fec95553a2597','0cc351ed43939088c9d675b4b26288b0',10,'Destroy All Monsters',NULL,'Abbi and Tilda band together with an unexpected ally to go after Sarkov, who has big plans for Juan. New revelations bring new challenges for the group.',NULL),('958c6bd787a266c1065b1cab2bd7b9aa','0cc559104cb5a81013f37dfc4b0ccccb',1,'Free at Last',NULL,'In the aftermath of a massive military effort to take Pablo into custody, the family reunites while enemies worry. Steve and Connie fight about safety.',NULL),('8a27a3b4f6476624da06a41a0c5c6a1c','0d16eb7a4d97c5704a062618fb7f72ae',1,'Sidekicks',NULL,'This is the sidekicks anthem!',NULL),('f5725c07d1082b0a4d5780e144418a39','0d327531a1bdf209a3ba8ec6bf386df3',6,'Episode 6',NULL,'As Tommy prepares to commit the most audacious crime of his career, an unexpected blow forces him to face his worst fears in a race against time.',NULL),('212ce6c80f9d052702117bd5ac837cde','0e2f974a217285fce8552fc146ae9b24',1,'Nosedive',NULL,'A woman desperate to boost her social media score hits the jackpot when she\'s invited to a swanky wedding, but the trip doesn\'t go as planned.',NULL),('c999419dd22bb58f245fb8bcba667094','0eaf4b688f8f1a1e6cc1c61d9c918440',9,'Episode 9',NULL,'',NULL),('fc7791b9faed8d32191f9d6028dfce1a','0fafd52359831cbf1db2d344808ca4fb',4,'Sapphire',NULL,'Tommy establishes a connection between crime and political power that could alter the course of history. He also receives life-changing news from an unexpected source.',NULL),('654dbd1b78544d038c533390fa91caca','102a0d3320954915b8fd53e0e99a53b4',2,'New Beginnings',NULL,'Kayce and Rip come to blows; Beth starts buying up land to protect the ranch; Monica begins a new chapter at the university.',NULL),('04fe07030df369040f1f39dd4695f01d','103841d4434f223bb54d50cca7565a6f',4,'The Long Black Train',NULL,'A secret about John comes to the surface; Beth shows Jenkins a rough night out; Quality time with Tate leads to a close call.',NULL),('a5de20457d8264ee24cafeb01f951b71','10853fab97cdddc5b25db3d193fdb195',5,'It Came from Michoacán',NULL,'Maya steps up her bid to turn Marty, whose eerily calm demeanor has Wendy worried. The Byrdes buy a horse farm on behalf of Navarro.',NULL),('bc2eecc49090d5ad6e79ba33992819ba','109ff1ce566e07ee6bf03d68e4ddd22d',2,'Day of Days',NULL,'Easy Company paratroopers jump behind enemy lines in Normandy on D-Day and struggle to reunite in hostile territory.',NULL),('39f97d525dd13b2711a1bbabbb2c42d8','10b084543aaaaa64e2f3d6be858c43ec',4,'Ace Deuce',NULL,'Wendy\'s claims about Ben anger Ruth. Mel the P.I. tracks down Wendy\'s father. Ruth\'s trip to the Missouri Belle with Kerry doesn\'t go as planned.',NULL),('f85f6b899d33bf709ff00c36e919a23c','118e8aefc6be0611b21db38f562af4d6',9,'Head Games',NULL,'Don\'t Bothers road trip to States. Teen drama unfolds, Alex is left behind, Bombay reveals a secret.',NULL),('e2ac8ed4d6497359255904150147a1be','123f637d18f89097e15661174ff453e0',4,'Great in the Living Room',NULL,'After Harper\'s expose goes viral, Marvyn seeks redemption by trying to recruit a new player.',NULL),('ef9f8288836d8c0af5a22c771b09662e','12d3a839639259f410d3f93cd68ba941',2,'White Bear',NULL,'Victoria wakes up and cannot remember anything about her life. Everyone she encounters refuses to communicate with her, and they all seem to know something she doesn\'t. But what?',NULL),('c1ce9516f6bd3a58609d8fba23f661ca','14dacee82d52edda7fead202b7e232a3',3,'Chapter Three: Holly, Jolly',NULL,'An increasingly concerned Nancy looks for Barb and finds out what Jonathan\'s been up to. Joyce is convinced Will is trying to talk to her.',NULL),('25161b9cae1d307efba2beeb35ee793c','151e5a13599159180070e88ef6912a96',2,'Sanctuary',NULL,'Mae adjusts to life with the Mathis family while Suzanne tries to find her a foster home. Detective Alex Lopez makes an unsettling discovery.',NULL),('1fb0aac48948321f45cb5eaf2396c34c','16248c3796b6d743eaabb646421b0249',7,'Negro y Azul',NULL,'Rumor is spreading that Jesse killed the man that ripped Skinny Pete off. Walt uses this to his advantage on expanding their territory. Meanwhile, Hank has been promoted to the El Paso office. But it\'s not all he hoped it would be.',NULL),('e2ac8ed4d6497359255904150147a1be','16cc82afe357601b81a4e96c6176349a',9,'Beth Macbeth',NULL,'UCSB expresses interest in hiring Marvyn, while his team grows suspicious. Beth Macbeth premieres.',NULL),('83260b357055283208bf5978182c2400','1718dd2508fe2c31552b95a773e3bcf2',3,'My Dripping Sleep',NULL,'Marty finds a way to control Ruth. Wendy worms her way into a job. Looking for another business to invest in, Marty digs for info on the strip bar.',NULL),('ba6929a18653f4f28071a40ac01bb12b','1737d51174cd0e9f453f02867500f838',3,'Chili Shop / Massage Parlor',NULL,'Nathan helps a chili maker sell his chili at a closed event. Nathan promotes a massage parlor in an unusual way.',NULL),('6238ad82ad12b470d01bb33d0cf0640d','17da9e30ef6b6c7975ae9834694c7de7',6,'The Innocents',NULL,'SUPER IN AMERICA (2019). Vought Studios. Genre: Reality. Starring: Homelander, Queen Maeve, Black Noir, The Deep, A-Train, Starlight, Tara Reid, Billy Zane.',NULL),('00b429172a43822281f1e902b292924e','17f018bf8687d0f715b221f8f1a4d961',3,'Blackbird',NULL,'Luca Changretta understands the complexity of his enemy, as the weight of gypsy tradition hangs upon Arthur. But could there be a traitor within the Peaky Blinders\' midst?',NULL),('bf76833270b962848eb653306a985457','1814d4e38ad9c763a18323c55d51006b',3,'Episode 3',NULL,'Ingu mediates a partnership between Jeon Yohan and Goo Sangman. Yohan does his due diligence before committing to the trade.',NULL),('39f97d525dd13b2711a1bbabbb2c42d8','1903b6b43d1f943d85c177795e02e157',9,'Pick a God and Pray',NULL,'Their deal with the FBI now dead, the Byrdes desperately search for more solutions to their growing problems. Wendy\'s father comes to town.',NULL),('6238ad82ad12b470d01bb33d0cf0640d','1a3d14bd15b52ce90deaf6971692473b',4,'The Female of the Species',NULL,'On a very special episode of The Boys... an hour of guts, gutterballs, airplane hijackings, madness, ghosts, and one very intriguing Female. Oh, and lots of heart -- both in the sentimental sense, and in the gory literal sense.',NULL),('487b0f546e89568b8868b9392b12c8fa','1a88db106145c4d40f1907018539c92c',1,'Reparations',NULL,'Ruth\'s dad gets out of jail. Approval for a riverboat casino calls for Wendy\'s political skills. The Mexican cartel demands reparations from the Snells.',NULL),('06d23249bd626297328fec95553a2597','1a9debf76b7e68c3598c0b29c10bc256',5,'Zoe Must Be Destroyed',NULL,'Abbi stays at the lab while Juan and Tilda follow a lead on Dr. Sarkov. Abbi meets with Hannah and discovers that Dr. Burke may be in danger from Isabel Finch.',NULL),('5815d1e65566e71e538f3a13dd26044e','1ac049ca46d9391f97c438f78caf6750',1,'The Kingpin Strategy',NULL,'The Gentlemen of Cali gather their associates together for a big surprise announcement about the future of their business.',NULL),('212ce6c80f9d052702117bd5ac837cde','1ac7d20015803e5bf23dd933903a5c73',3,'Shut Up and Dance',NULL,'When withdrawn Kenny stumbles headlong into an online trap, he is quickly forced into an uneasy alliance with shifty Hector, both at the mercy of persons unknown.',NULL),('f1646747551e0f7d91a641448aefd117','1b5459f8616fb8329f747be932f61e68',10,'Salud',NULL,'Jesse, Gus, and Mike fly down to Mexico, and Jesse cooks the blue meth for the cartel. Walt misses his son\'s 16th birthday after his fight with Jesse.',NULL),('68ab79f804bcd3623fb9a784e8b0cfa4','1ce13bbe70b493321d37b147e0054309',2,'Bloodline',NULL,'Animals use mysterious adaptations to ensure their bloodline’s survival.',NULL),('1fb0aac48948321f45cb5eaf2396c34c','1d23fac8c0a9d0ecf63957a4f685014e',1,'Seven Thirty-Seven',NULL,'Walt and Jesse realize how dire their situation is. They must come up with a plan to kill Tuco before Tuco kills them first.',NULL),('1fb0aac48948321f45cb5eaf2396c34c','1db9891ddaaf915d985997acc682068c',10,'Over',NULL,'Walt\'s cancer has greatly improved. Time to celebrate. Meanwhile Jesse tries to meet his new girlfriend\'s father.',NULL),('c91cf3f2f7d00f77450b4dd2b5fb3c6b','1ef310899879398f695e9bc5cd5e1b8b',10,'Fly',NULL,'There is a fly loose in the lab. Walt and Jesse must do whatever they can to kill it before it contaminates the meth.',NULL),('c999419dd22bb58f245fb8bcba667094','1f4b60d035a09b8c6a63c4c5af91f390',8,'Episode 8',NULL,'',NULL),('04fe07030df369040f1f39dd4695f01d','1f4cb6c084632bd0c3362e19d3e052c9',7,'A Monster Is Among Us',NULL,'Rip stumbles upon a dangerous and dire situation; A plan is set in motion designed to squeeze John and threaten his way of life; Monica begins a tough recovery.',NULL),('5c5f8e66ac662642d218e4c13fd5ad42','20687ca7fdc8bd155a80be354753646f',3,'Episode 3',NULL,'Thomas is livid to find out that Ada and Freddie are married; IRA sympathizers tries to get information from Thomas about the stolen guns.',NULL),('7c707671b4d78ee52845e4f99ed2451d','20a178c34eee16c289bd5964b9f29144',6,'Buyout',NULL,'In the aftermath of the train heist, Jesse and Mike decide to quit the business, leaving Walt to handle things on his own. Mike is being followed by the DEA.',NULL),('f85f6b899d33bf709ff00c36e919a23c','2101103748cf9f6849e242a15b343db5',4,'Hockey Moms',NULL,'Bombay Helps Don\'t Bother Moms take on Duck moms on the ice; Sofi\'s fate hangs in the balance.',NULL),('c999419dd22bb58f245fb8bcba667094','21323f5badaac035eadef99ef475aae6',2,'Episode 2',NULL,'Cassian attempts to lay low on Ferrix as agents of the law close in.',NULL),('c4c9fcd5c34aeccfa6c9a847d9c8f179','2134fdb29ea724757cbce3496f45c33b',6,'Chapter Six: The Dive',NULL,'Behind the Iron Curtain, a risky rescue mission gets underway. The California crew seeks help from a hacker. Steve takes one for the team.',NULL),('f4f85aab91a864f522aeacd325954faa','217d23628f698d53d416ec2c5a091901',7,'Keep the Wolves Close',NULL,'John is put in an awkward position by Gov. Perry; Carter works to earn back Beth\'s trust; Jamie is in for a big surprise.',NULL),('566e97f614b0f7b199b49d683db70b4f','218d08d6f2f18ab28698b26dad73e6f9',5,'There Will Be a Future',NULL,'Pablo\'s extreme methods put the narcos on the brink of war with Carillo and the government. Peña tries to protect his witness.',NULL),('5815d1e65566e71e538f3a13dd26044e','21ff2d3be05bc2ac801375034567fb14',6,'Best Laid Plans',NULL,'Jorge takes a dangerous risk. An accident in New York threatens to expose Chepe. Peña travels to Curacao to arrest a potential witness.',NULL),('c1ce9516f6bd3a58609d8fba23f661ca','22ad147611a31b8e8d64cc53627081fc',6,'Chapter Six: The Monster',NULL,'Hopper and Joyce find the truth about the lab\'s experiments. After their fight, the boys look for the missing Eleven.',NULL),('b3c9a42f45391bf6dd68037c00cdbad5','2320a19ead0ef204362ad751b0e93357',2,'Episode 2',NULL,'After murdering an Irish dissident, Tommy has no choice but to be a pawn in Inspector Campbell\'s treacherous political game.',NULL),('bf76833270b962848eb653306a985457','2413972964c8096ec0e6059916fa8dad',1,'Episode 1',NULL,'Kang Ingu goes to scope out the factory for his potential new business venture, but finds himself caught in a turf war. A local pastor offers his help.',NULL),('5815d1e65566e71e538f3a13dd26044e','243b5dd76b20843b89cb9b3d33d259fc',4,'Checkmate',NULL,'Peña hatches a plan to try to capture Cali leader Gilberto Rodriguez. Amado proposes a business idea to Pacho.',NULL),('7fe2b63727cb33ea372831821b418edd','2462bf42bd07d060a7f8a00baa46781b',6,'Herogasm',NULL,'You’re invited to the 70th Annual Herogasm! You must present this invitation in order to be admitted! Same rules as always: no cameras, no non-Supe guests unless they sign an NDA and they’re DTF, and no telling any news media! It’s BYOD, but food, alcohol and lube will be provided! And please remember to RSVP so we can get an accurate headcount for the caterer!',NULL),('7c707671b4d78ee52845e4f99ed2451d','256a328f51147d4971614076c05e780b',2,'Madrigal',NULL,'Walt and Jesse seek out an unlikely partner for a new business venture. The DEA follows up new leads in its investigation.',NULL),('9f46394252e21a14fcfacf1d5fce8c5b','261194150d5248bbdaea512a6147936a',6,'The Art of F**kery',NULL,'Stede and crew stage a spectacle. Blackbeard struggles to carry out his plan.',NULL),('b3c9a42f45391bf6dd68037c00cdbad5','2657002fe7e658f77d2a35c999b5bc78',1,'Episode 2',NULL,'When Birmingham crime boss Tommy Shelby\'s beloved Garrison pub is bombed, he finds himself blackmailed into murdering an Irish dissident.',NULL),('c9bb9c73b7af5b6092c4b01a1d1e5747','2669a3c4dc8dabd2126ad5f003c5c6de',7,'Stronger',NULL,'Now an all-star edgerunner enhanced with more cybernetics, David leads his team into a new mission. An old contact reaches out to him for a big job.',NULL),('c9bb9c73b7af5b6092c4b01a1d1e5747','280bbc2a9dac51802494cb240ada7075',4,'Lucky You',NULL,'Eager to learn the edgerunner ropes, David pesters Maine for another mission. Instead, Maine tasks Lucy with training him.',NULL),('08728cb33e50d52cf2114169b21cc549','28a76378fed3baa88024c4cb2725120a',5,'Deck the Halls',NULL,'\'Tis the season for an epic crossover! Fa la la la la la la la la!',NULL),('39f97d525dd13b2711a1bbabbb2c42d8','2929a63af1895c77921864c4a72ccc4d',10,'You\'re the Boss',NULL,'Marty travels to the Navarro estate, Ruth asks Frank Jr. for a favour, a new acting sheriff makes waves and Wendy tries to bring Jim back into the fold.',NULL),('1fd7fce069b3d48994b672c87f5e19ac','2a07f3f1686673a78863817c20c46284',1,'Ice Breaker',NULL,'The Ducks and Alex head to a summer hockey institute run by hardcore former NHL player Coach Cole.',NULL),('f85f6b899d33bf709ff00c36e919a23c','2a6c06044fb90cc4c8bcb8a0944ab17f',2,'Dusters',NULL,'Evan is skeptical of Alex\'s unique approach to coaching, as the team gets ready for its first game.',NULL),('487b0f546e89568b8868b9392b12c8fa','2c05e7ab6a0e2fdcdf9fc0aec6eb3860',8,'The Big Sleep',NULL,'Darlene makes one too many rash moves. Marty tries to free Rachel from Agent Petty\'s grasp. Jonah helps his mom force Wilkes to continue his support.',NULL),('ef9f8288836d8c0af5a22c771b09662e','2c0987beccf3273a942ec63b73d9dc02',3,'The Waldo Moment',NULL,'A failed comedian who voices a popular cartoon bear named Waldo finds himself mixing in politics when TV executives want Waldo to run for office.',NULL),('009f95053725376a106448e59d30269c','2c0ead77c3ec9acfdf3bceeba73b3496',2,'Freight Trains and Monsters',NULL,'Jamie starts a new job; Beth comes to a realization about Market Equities and visits Roarke; Rip searches for another ranch hand: A livestock agent goes too far.',NULL),('e7359325859168a0ec03eb80b9e9c7ca','2c93cf8964cffd095787617abec719c4',5,'The Shock',NULL,'As Tommy reveals his intentions for Mosley, someone close to the Shelbys is targeted.',NULL),('ba6929a18653f4f28071a40ac01bb12b','2c9c6f143e74c70170fca0c991fb471d',5,'The Anecdote',NULL,'Nathan hones his storytelling skills.',NULL),('83260b357055283208bf5978182c2400','2cf3847723608138002080a4ab060d07',6,'Book of Ruth',NULL,'Jacob educates Marty on his business. Ruth devises and sets in motion a deadly plan. Rachel learns Marty is cooking the books at the Blue Cat Lodge.',NULL),('f85f6b899d33bf709ff00c36e919a23c','2dbcb56609866c6a28afb23060a7757a',6,'Spirit of the Ducks',NULL,'With the original Ducks team back, Evan and Bombay consider where their loyalty lies.',NULL),('a5de20457d8264ee24cafeb01f951b71','2e37bc092cc465d254ff7746c2777359',1,'Wartime',NULL,'Marty is pressured to move money ahead of schedule, Wendy pitches a high-stakes plan, Wyatt lives the good life, and Ruth butts heads in the casino.',NULL),('864b6575289716760a6f745ce5ba6a4e','2f0160da331eaf826d793ae9d02cc25b',8,'Family',NULL,'Geralt faces off with a demon targeting his nearest and dearest while the most powerful players on the continent ramp up their pursuit of Ciri.',NULL),('5c5f8e66ac662642d218e4c13fd5ad42','305523bc74a3ad0ff88d03974fd8d362',2,'Episode 2',NULL,'Thomas Shelby starts a feud with a gypsy family and finally meets with Inspector Campbell to talk about the stolen guns.',NULL),('f13fa9d7506235f6160792767834cf4a','308d6bb8f3b2db0292a35d2823ff3a6a',7,'Nail Salon/Fun',NULL,'Nathan helps a nail salon overcome racial stereotypes while providing a service. Meanwhile, Nathan proves to the world, once and for all, that he is fun to hang out with.',NULL),('654dbd1b78544d038c533390fa91caca','30aa3ecd63766d7fbe002b3c75840207',6,'Blood the Boy',NULL,'Jamie makes a drastic move in order to protect his family; Jimmy takes a shot at a rodeo competition.',NULL),('840667b03aff464c64f8f35024f0a38e','311ae97b6261b9de713d9407acf1d12f',6,'Black Museum',NULL,'A woman enters the Black Museum, where the proprietor tells his stories relating to the artifacts.',NULL),('39a7a77ddda8f50369ff912f3da245f8','31e0e64c8d0d3b53fbcae78ee40ca548',2,'Chapter Two: Trick or Treat, Freak',NULL,'After Will sees something terrible on trick-or-treat night, Mike wonders whether Eleven\'s still out there. Nancy wrestles with the truth about Barb.',NULL),('eeb2756a3a939197c08f0289046fb8b4','3208b25be86d6972f309f56defafe872',2,'Souvenir Shop; ELAIFF',NULL,'Nathan\'s plan to help a Hollywood souvenir shop has surprising consequences.',NULL),('6238ad82ad12b470d01bb33d0cf0640d','3227f9f2917cb5d15739c43c62880706',2,'Cherry',NULL,'The Boys get themselves a Superhero, Starlight gets payback, Homelander gets naughty, and a Senator gets naughtier.',NULL),('07a0418dfd5c8288771cd59f76b18479','33c58b495278514f68810bc1d3903d3e',5,'Grasslands',NULL,'Grasslands cover one quarter of all land and support the vast gatherings of wildlife, but to survive here animals must endure the most hostile seasonal changes on the planet. From Asia\'s bizarre-looking saiga antelope to the giant anteaters of Brazil, grassland animals have adapted in extraordinary ways to cope with these extremes. In the flooded Okavango, lions take on formidable buffalo in epic battles, on the savannah bee-eaters take advantage of elephants to help catch insects and, on the freezing northern tundra, caribou embark on great migrations shadowed by ...',NULL),('04fe07030df369040f1f39dd4695f01d','340a1c407eadec9e1bb075cef55ba573',3,'No Good Horses',NULL,'The Duttons deal with a painful family anniversary. Kayce saves a young girl from danger. Jamie and Beth plan their respective political careers. Rainwater makes an ominous threat to the Dutton legacy.',NULL),('864b6575289716760a6f745ce5ba6a4e','3854769ffa74cdb64c7fcbf5a793520f',4,'Redanian Intelligence',NULL,'A guest at Kaer Morhen extends a guiding hand to Ciri - and an invitation to Geralt. On the run in Redania, Yennefer seeks safety below ground.',NULL),('25161b9cae1d307efba2beeb35ee793c','38716b636998bc17870cc1995534318b',5,'Alight',NULL,'Suzanne gains more clarity on what Mae experienced at Amontown. Halloween night doesn\'t go as planned for Jules, who begins to question Mae\'s motives.',NULL),('00b429172a43822281f1e902b292924e','390084ca09d1f08e0b63365eab181157',5,'The Duel',NULL,'Tommy prepares himself as the bloody battle lines are drawn between the Peaky Blinders and Changretta. A deal is struck - with potentially devastating consequences.',NULL),('e2ac8ed4d6497359255904150147a1be','39374c47c198c8afbd5a0151b956934b',3,'TCKS',NULL,'Marvyn sets his sights on moving the team up to Division Two as his daughter, Emma, arrives in town.',NULL),('5815d1e65566e71e538f3a13dd26044e','394a58b14cf1048caa37fca0c0c67965',5,'MRO',NULL,'Paranoid about leaks, Miguel cracks down on his security. Pacho makes a decision about his new offer. Peña works on cultivating a witness.',NULL),('7c707671b4d78ee52845e4f99ed2451d','3999100858c1bd03c67eaa006fed6fba',10,'Buried',NULL,'Hank is determined to bring down Walt. Walt scrambles to hide evidence before Hank gets to it, and Skyler tries to stop Hank and Marie from taking away the kids.',NULL),('854212de47a60a6be3fd2d69e50af097','39dadeb48de82ff32a20032543fbb453',1,'Chapter One: Suzie, Do You Copy?',NULL,'Summer brings new jobs and budding romance. But the mood shifts when Dustin\'s radio picks up a Russian broadcast, and Will senses something is wrong.',NULL),('7c707671b4d78ee52845e4f99ed2451d','39ff197af5bb99cb819876d990c06678',5,'Dead Freight',NULL,'Walter White\'s domestic life continues to deteriorate; at the same time, his growing business venture aims to steal a train car chock full of methylamine.',NULL),('c4c9fcd5c34aeccfa6c9a847d9c8f179','3a85a5a451d1c84a31d97fb4d71c51e0',2,'Chapter Two: Vecna\'s Curse',NULL,'A plane brings Mike to California -- and a dead body brings Hawkins to a halt. Nancy goes looking for leads. A shaken Eddie tells the gang what he saw.',NULL),('212ce6c80f9d052702117bd5ac837cde','3cab2d8871e45ce3957743eea7f8d4a5',4,'San Junipero',NULL,'When Yorkie and Kelly visit San Junipero, a fun-loving beach town full of surf, sun and sex, their lives are changed.',NULL),('6288f49e4b1e678048a821e18b51ca23','3ccc147ee74c2b0ddea54bcbc399a8d1',9,'Aporia',NULL,'Emmit sits down with Gloria; Nikki negotiates a deal.',NULL),('f4f85aab91a864f522aeacd325954faa','3cfae3221a3f541b93b305d077aa55e9',9,'No Such Thing as Fair',NULL,'John and Beth squabble; Jimmy has an important decision to make; Kayce begins a new quest; Jamie realizes Garrett\'s past might affect his own future.',NULL),('958c6bd787a266c1065b1cab2bd7b9aa','3d11531cdfe1306a79ad2d1207a2bc91',3,'Our Man in Madrid',NULL,'President Gaviria has a new job for an old colleague. The Search Bloc\'s new tactics shake up Pablo, but also unsettle Steve and Javier.',NULL),('39f97d525dd13b2711a1bbabbb2c42d8','3dc2f2c996fa73687992c38dd6bc81d0',14,'A Hard Way to Go',NULL,'Every desperate deal. Every broken promise. Every bloody murder. Eager to leave their murky past behind, the Byrdes make a final bid for freedom.',NULL),('bcb1698c4ad595eabff5c9662b05c401','3e40155e28606a1429c538f96a0d2d09',7,'Did You Do This? No, You Did It!',NULL,'The police bring in Floyd for questioning, in an attempt to make her talk. Bear goes on a ride with Simone. Karl keeps an eye on Lou\'s family.',NULL),('654dbd1b78544d038c533390fa91caca','3e84d88d92462d85933cc067dc1607eb',5,'Touching Your Enemy',NULL,'Jamie tries desperately to confront a previous mistake; Kayce tracks down evidence; Jimmy tries to make some extra cash on the side.',NULL),('83260b357055283208bf5978182c2400','3eafc57ebc68edea08883a87060bd6b1',2,'Blue Cat',NULL,'In the Ozarks, Marty struggles to find a local business he can use for money laundering, while his kids make new friends but neglect a crucial duty.',NULL),('f1646747551e0f7d91a641448aefd117','3ebb8f65dfb6abdcfc2a0351118073bf',11,'Crawl Space',NULL,'Hank asks Walt to drive him to the laundry where the meth lab is hidden. Ted still won\'t pay the IRS so Skyler asks Saul for help, and Saul sends in his A-Team. Gus and Jesse return from Mexico, and Walt fears he is in trouble with Gus.',NULL),('5815d1e65566e71e538f3a13dd26044e','3edcf1a873a8fb48e9850ab0aa7b22ba',2,'The Cali KGB',NULL,'A gas incident threatens to destroy the agreement between Cali and the government and requires Jorge\'s help. Peña has problems with his old contact in Los Pepes.',NULL),('bcb1698c4ad595eabff5c9662b05c401','3fa4372170b349d4f9699fdb5ddbdf4a',8,'Loplop',NULL,'Ed and Peggy hold Dodd hostage in a secluded cabin and try to strike up a deal with the Gerhardts, while Hanzee attempts to hunt them down.',NULL),('e7359325859168a0ec03eb80b9e9c7ca','3fb351330a41bd484bd183da5324fa40',3,'Strategy',NULL,'As the charismatic Mosley shows his hand, Tommy makes a treacherous new alliance.',NULL),('009f95053725376a106448e59d30269c','402bb051c4ae0860a92cf30f8a13b586',10,'The World Is Purple',NULL,'John sits down at the negotiating table with former friends and foes. As the battle for the future of the Yellowstone heats up, nothing will ever be the same.',NULL),('19267ea05f74a9e632c663dd9dc7a490','404022fa2c1e9f185c00a83c2b8846b5',8,'Prom!',NULL,'Coach Korn, Coach Barrett and the girls get ready for prom.',NULL),('c9bb9c73b7af5b6092c4b01a1d1e5747','40beeeb67f349f2412b53a2c4e5cfc34',1,'Let You Down',NULL,'After a night of streaming illegal braindance, David wakes up to reality: a rundown apartment with a broken washing machine and an overworked mother.',NULL),('f1646747551e0f7d91a641448aefd117','41d28963e008d1f1ed3679c43d568bfe',13,'Face Off',NULL,'Jesse is brought to the FBI for questioning on his knowledge of ricin. In a last effort to kill Gus, Walt must ask for help from an old enemy.',NULL),('b5cf5d04f5a38f353be00abe9a206d94','42bf5c419841dc07f0802720b8193bdd',2,'Cat\'s in the Bag...',NULL,'After their first drug deal goes terribly wrong, Walt and Jesse are forced to deal with a corpse and a prisoner. Meanwhile, Skyler grows suspicious of Walt\'s activities.','2008-01-27'),('fc7791b9faed8d32191f9d6028dfce1a','43211d3b433a41e6155b56be60f06613',1,'Black Day',NULL,'Tommy sets off to North America, where the end of Prohibition brings new opportunities. But he faces new danger from an old adversary who is finally making his move.',NULL),('fc7791b9faed8d32191f9d6028dfce1a','454c5c4abe528d90f72041681e8c4981',2,'Black Shirt',NULL,'Tommy gets involved in a power game with fascists, freedom fighters and Boston gangsters. As the players plan to double cross him, Tommy visits an old ally in Camden.',NULL),('06d23249bd626297328fec95553a2597','45ba29625b517787f08b24f43349f56c',6,'Lest Ye Become a Monster',NULL,'Burke and Sarkov begin work on a cure, with Burke as the test subject. When government agents track them down, the group rallies to fend them off.',NULL),('06d23249bd626297328fec95553a2597','4615ac12354a5f89353d34de2588c16c',7,'Cure All',NULL,'Abbi, Juan and Tilda investigate an attack after a mutant strikes. Sarkov inches closer to a cure, while Burke has a breakthrough.',NULL),('5c5f8e66ac662642d218e4c13fd5ad42','465937bd5f5e9023bfedbc775c9ed1a1',5,'Episode 5',NULL,'The Shelbys get a surprise visit by an almost forgotten relative. Thomas has one more dangerous plan with the cops.',NULL),('39a7a77ddda8f50369ff912f3da245f8','4677307c222db60db66a305f02e81b71',1,'Chapter One: MADMAX',NULL,'As the town preps for Halloween, a high-scoring rival shakes things up at the arcade, and a skeptical Hopper inspects a field of rotting pumpkins.',NULL),('8a27a3b4f6476624da06a41a0c5c6a1c','4679ddd92f8146b08d8f59b751081473',2,'Ways We Feel Anxious',NULL,'The Stress Girlz sing a song about dealing with anxiety set to Ways To Be Wicked from Descendants 2!',NULL),('bcb1698c4ad595eabff5c9662b05c401','468f56d2607c8c7a24a7fa5ee627fc22',10,'Palindrome',NULL,'In the events following the motel massacre, Hanzee goes after Ed and Peggy.',NULL),('6288f49e4b1e678048a821e18b51ca23','46a986511017db6abb7dd9a02807af8d',2,'The Principle of Restricted Choice',NULL,'Gloria deals with the aftermath of the crime, Varga makes a move, and Ray and Nikki move on to their next plan.',NULL),('7fe2b63727cb33ea372831821b418edd','46f59029fdf91768c8ec47c1a05641e2',5,'The Last Time to Look on This World of Lies',NULL,'The Boys run into a major obstacle in their mission to stop the Seven and turn their attention to Soldier Boy. Homelander continues to make changes that fit his agenda at Vought International.',NULL),('00b429172a43822281f1e902b292924e','474a40e864e1c69dc216f443dffcd824',6,'The Company',NULL,'During the fight between Goliath and Bonnie Gold events escalate. Then Audrey Changretta appears at a funeral, waving a white flag. She proposes to declare the Vendetta between her family and the Shelbys settled. And she names her price.',NULL),('ba6929a18653f4f28071a40ac01bb12b','48cd334e3080e9887bbf899b8a122c3b',1,'Nathan for You: A Celebration',NULL,'In a special episode hosted by Anthony Napoli, Nathan checks in with former guests of the show, including Brian Wolfe and the Ghost Realtor.',NULL),('bf76833270b962848eb653306a985457','4a3015bce7261d3bbeb7cd6c562549fd',2,'Episode 2',NULL,'Reluctant to hire a lawyer, Ingu considers a deal proposed by a secret agent. He expands his influence in prison, hoping to trick an ex-bodyguard.',NULL),('07a0418dfd5c8288771cd59f76b18479','4a46b06310255a76859f2067a3c19b19',1,'Islands',NULL,'Wildlife documentary series with David Attenborough, beginning with a look at the remote islands which offer sanctuary to some of the planet\'s rarest creatures.',NULL),('b3c9a42f45391bf6dd68037c00cdbad5','4b67f5dec939f3d9f1905de2eefee740',6,'Episode 6',NULL,'Tommy plans to execute the mission given to him by Campbell: the assassination of a high-ranking member of the military establishment.',NULL),('6288f49e4b1e678048a821e18b51ca23','4c04cc0fb38361c7ab18625f4568286f',6,'The Lord of No Mercy',NULL,'Gloria and Winnie get closer to the truth; Emmit tries to make things right; Nikki and Ray prepare for payback; Varga cleans up a mess.',NULL),('bf76833270b962848eb653306a985457','4c0cd030af19937ab22c745390126510',6,'Episode 6',NULL,'Yohan throws a last-minute curveball in a plan that ensured Ingu\'s safety. Lee Sangjun arrives at the airport as the crackdown on Yohan\'s empire begins.',NULL),('4f9a710a1cff57ba5c0990658f9b0be7','4c94042c644de9a777f940290d0a082f',9,'A Fox, a Rabbit, and a Cabbage',NULL,'Lester has an unexpected encounter, Malvo changes course, and a new investigation leads Molly down a familiar path.',NULL),('1adcca458d51bd79636afa8631eaac1a','4cb3cfee01f7db9dc2bc43a0f3e1ef1b',3,'Gold Digger',NULL,'While Angela continues to raise her \"son,\" Nathan goes to new lengths to help a man prepare for a difficult conversation.',NULL),('854212de47a60a6be3fd2d69e50af097','4cf793e80cd20ecbfad9fb816e897ed8',5,'Chapter Five: The Flayed',NULL,'Strange surprises lurk inside an old farmhouse and deep beneath the Starcourt Mall. Meanwhile, the Mind Flayer is gathering strength.',NULL),('566e97f614b0f7b199b49d683db70b4f','4d50689fc0a5e75f591cd22e05569f6b',4,'The Palace in Flames',NULL,'Despite a new extradition treaty, the U.S. puts more money into fighting communism, creating new challenges for Murphy and Peña in the hunt for Pablo.',NULL),('5c5f8e66ac662642d218e4c13fd5ad42','4d5dce56e747727e09b76d7d5104f24e',6,'Episode 6',NULL,'Tommy and the Peaky Blinders prepare for a big operation, that quickly becomes way trickier than they thought.',NULL),('83260b357055283208bf5978182c2400','4dbf53eb71bcf2bff0f06f65fb42146e',10,'The Toll',NULL,'During his next sermon, Mason falters. Wendy and the kids are caught trying to flee their home. Marty brokers a deal between Jacob and Del.',NULL),('a5de20457d8264ee24cafeb01f951b71','4fa5fe6eb1ab66da3ebf47802c52dcb1',7,'In Case of Emergency',NULL,'The FBI questions Ruth, tensions between Cosgrove and Marty hit a new high, Sue takes on a new patient, and Wendy recruits for her foundation.',NULL),('487b0f546e89568b8868b9392b12c8fa','4fb589cf200b5404dfa4113db01a732e',2,'The Precious Blood of Jesus',NULL,'When a mobster jeopardizes the casino bill, Marty enlists Buddy\'s help. Wendy resorts to dirty tactics to get votes. Cade reminds Ruth of her roots.',NULL),('7fe2b63727cb33ea372831821b418edd','4fe09a178a7a0e3f01f4f703f1de6aed',4,'Glorious Five Year Plan',NULL,'The Boys search for a mysterious weapon in Russia while things are brewing behind the scenes at Vought. Plenty of trouble, gore and twists to foresee.',NULL),('5c5f8e66ac662642d218e4c13fd5ad42','5095bde8ac45690c75401cc838b52593',4,'Episode 4',NULL,'Thomas attempts to make a deal with Campbell; The Peaky\'s war with the Lees intensifies.',NULL),('6288f49e4b1e678048a821e18b51ca23','51471877a2131f4d9e748ed43c190ee5',3,'The Law of Non-Contradiction',NULL,'Gloria revisits her stepfather\'s past to try and find some answers.',NULL),('39fd70e7880c97d1d311085a9979f935','51c0d64e967e0c6904f14a67c5ab3ec2',6,'Camp Elegance',NULL,'Loy attacks, Gaetano pays the price, Oraetta goes crazy, Josto challenges authority and Rabbi risks his life.',NULL),('566e97f614b0f7b199b49d683db70b4f','51ca12c544efa7260374b076ed530e6b',6,'Explosivos',NULL,'Peña and Carillo close in on Gacha. Murphy tries to protect pro-extradition candidate Gaviria from a notorious assassin connected to Pablo.',NULL),('eeb2756a3a939197c08f0289046fb8b4','522aa524af715f7a48995d4b12c2cf0d',5,'Dumb Starbucks',NULL,'Nathan uses parody law to help a struggling coffee shop.',NULL),('c999419dd22bb58f245fb8bcba667094','5293b3af4251135e41142ddc3d6d10dd',11,'Episode 11',NULL,'',NULL),('25161b9cae1d307efba2beeb35ee793c','52c3b0bb3f091cc70e922e3507ea6d4c',1,'Broken Fall',NULL,'After a teen girl with a strange wound is found in Amon County, Ohio, she is taken to the hospital in a nearby town and put in Dr. Suzanne Mathis\' care.',NULL),('f13fa9d7506235f6160792767834cf4a','53e52275451a6a1238cad63a22d4e947',2,'Horseback Riding/Man Zone',NULL,'Nathan helps overweight people to be able to take horse riding lessons and also helps a Boutique business to increment their number of customers.',NULL),('7c707671b4d78ee52845e4f99ed2451d','53e718f23882cdb3293ea7aa87172f30',4,'Fifty-One',NULL,'It\'s Walt\'s 51st birthday. His return to the drug business causes Skyler to go into depression.',NULL),('6288f49e4b1e678048a821e18b51ca23','547f986705f087d9205351461604b47e',1,'The Law of Vacant Places',NULL,'A twisted sibling rivalry leads to murder, mobsters and cutthroat competitive bridge in a small Midwestern town.',NULL),('9f46394252e21a14fcfacf1d5fce8c5b','552a3082cbb825e1e2cfd8e8eee4dbf6',1,'Pilot',NULL,'Aristocrat-turned-pirate-captain Stede Bonnet is put to the test when his crew encounters a British naval vessel.',NULL),('a5de20457d8264ee24cafeb01f951b71','575ff80d20610af6cbbbb43661ad962a',10,'All In',NULL,'While Wendy battles personal demons, Marty struggles to keep their lives from falling apart. Darlene does Ruth a favor.',NULL),('8a27a3b4f6476624da06a41a0c5c6a1c','57e243cb10cb4cf8376e573077440e14',4,'I Just Wanna Eat Bread',NULL,'Check out \'I Just Wanna Eat Bread,\' a parody of \'Exceptional Zed.\'',NULL),('39fd70e7880c97d1d311085a9979f935','57fe87f028357b3e5d1d4f7e325dfc61',9,'East/West',NULL,'Rabbi and Satchel hit the road.',NULL),('4f9a710a1cff57ba5c0990658f9b0be7','580facb0edf8da8c2e5c4b498494b720',7,'Who Shaves the Barber?',NULL,'Molly recuperates from her injury, while Malvo looks to dispatch a syndicate in Fargo. Lester continues his descent into darkness with the unfolding of his plan.',NULL),('c91cf3f2f7d00f77450b4dd2b5fb3c6b','595c376e7351a90eb8a96cb43732359c',2,'Caballo sin Nombre',NULL,'Walter, Jr. is having a rough time accepting his parents\' separation. Jesse buys his old house from his parents. Meanwhile, two mysterious men have come into town looking for Walt.',NULL),('63be694c9ba440df0c2cdd41e5822c01','5a40e4808d118898101664a4ff1917d1',3,'Rachel, Jack and Ashley Too',NULL,'A lonely teenager yearns to connect with her favorite pop star - whose charmed existence isn\'t quite as rosy as it appears...',NULL),('840667b03aff464c64f8f35024f0a38e','5a683a6dd484b9a4ef5e4fabddf97bb3',3,'Crocodile',NULL,'An insurance agent investigates a minor traffic incident using a device that manifests peoples\' memories, but one of her witnesses has something to hide.',NULL),('854212de47a60a6be3fd2d69e50af097','5b0bd588536b927b7214ade805eac2dc',2,'Chapter Two: The Mall Rats',NULL,'Nancy and Jonathan follow a lead, Steve and Robin sign on to a secret mission, and Max and Eleven go shopping. A rattled Billy has troubling visions.',NULL),('06d23249bd626297328fec95553a2597','5b4e15a9d41cf41c2a59f052be13b4cc',1,'Sarkov\'s Children',NULL,'Tilda (Morgan Taylor Campbell), Juan (Iñaki Godoy), and Abbi (Rhianna Jagpal) are the titular imperfect test subjects of a genetic experiment. They start experiencing strange symptoms and turn to geneticist Dr. Alex Sarkov for help.',NULL),('8a27a3b4f6476624da06a41a0c5c6a1c','5b9c11a10a3650b7effdb9f8adb79cf0',6,'We Wish You A Scary Christmas',NULL,'Check out this new holiday song from Scratch!',NULL),('7c707671b4d78ee52845e4f99ed2451d','5de0e3085ac989dc2a7b2eb31753fcb3',11,'Confessions',NULL,'Walt makes his next move against Hank, putting Hank in a tough position. Hank confronts Jesse and attempts to turn him against Walt, and Jesse decides it\'s time to move on. Meanwhile, Todd has taken over the business.',NULL),('bcb1698c4ad595eabff5c9662b05c401','5e4245e449057f88e07454cd32b0b099',2,'Before the Law',NULL,'The Gerhardts receive a surprising offer, while two unlikely murderers do their best to clean up their mess.',NULL),('eeb2756a3a939197c08f0289046fb8b4','5e7148b461cfedadbe163b8d431d4b72',7,'Taxi Service; Hot Dog Stand',NULL,'Nathan tries to get press for a taxi company; a hot dog stand implements Nathan\'s new customer service initiative.',NULL),('f85f6b899d33bf709ff00c36e919a23c','5fe6c636a528dae557fc2c6986a00448',3,'Breakaway',NULL,'Alex tries to be a coach. Evan recruits Sofi and the team receives unexpected help from Bombay.',NULL),('ba6929a18653f4f28071a40ac01bb12b','5fe98cb51d11c066efd272b563961030',6,'Shipping Logistics Company',NULL,'Nathan teaches an international exporter how to ship smoke alarms tax-free.',NULL),('e7359325859168a0ec03eb80b9e9c7ca','60ae0bd94e97598f3e0322eb8f353d7b',2,'Black Cats',NULL,'As the Peaky Blinders come under fire, Tommy is warned about a traitor in his midst.',NULL),('f4f85aab91a864f522aeacd325954faa','62301a0bdc8fb10d32e58a4236ee1af9',5,'Under a Blanket of Red',NULL,'John and Kayce are forced to deal with some newcomers in town; Lloyd is in the doghouse with Rip, and finds purpose in teaching Carter; Jamie seeks information about his father.',NULL),('c9bb9c73b7af5b6092c4b01a1d1e5747','62af94fea4dca32a12992ca706a89218',5,'All Eyez On Me',NULL,'David makes a clever suggestion when the team strategizes for their next mission. However, he soon learns that their target can\'t be underestimated.',NULL),('e2ac8ed4d6497359255904150147a1be','62bb4e03f44ab1df27980fae49552a88',10,'Marvyn\'s Playbook',NULL,'Westbrook is one win away from Division Two, and Carlsbad is suspected of stealing their playbook.',NULL),('0539233281207ccb85774270be7723e8','6315fd565e13f89f87549bef01f68ccc',4,'You Who Cannot See, Think of Those Who Can',NULL,'At Maddy\'s birthday party, relationships are celebrated and questioned. Jules turns to Elliot for advice. Cal takes a trip down memory lane.',NULL),('8a27a3b4f6476624da06a41a0c5c6a1c','63d8000df30284e08e64bfdd8e7167fe',5,'Monster Man',NULL,'It\'s Halloween storytime! Tilly tells Cricket a Halloween tale of the Monster Man!',NULL),('654dbd1b78544d038c533390fa91caca','649f453feca70b977f70f2974afed122',4,'Only Devils Left',NULL,'John\'s enemies strike a direct hit on the Yellowstone. John forms an unlikely alliance. Kayce has his first day as a livestock officer.',NULL),('009f95053725376a106448e59d30269c','65042897c87179913a525f9dda4a222a',7,'The Beating',NULL,'Kayce searches for answers following a theft on the ranch, Jamie learns a shocking family secret, John issues a warning, and Beth takes matters into her own hands.',NULL),('566e97f614b0f7b199b49d683db70b4f','65aa0197866351b1ea1473640f259a2d',10,'Despegue',NULL,'Pablo\'s activities in prison provoke the government into taking extreme action. Murphy and Peña face a situation of their own.',NULL),('8a27a3b4f6476624da06a41a0c5c6a1c','661bd1350f7967bbdb901f738922a84e',3,'We\'re Going Offline',NULL,'Cricket tries to convince Remy to unplug from technology and enjoy a day outside!',NULL),('487b0f546e89568b8868b9392b12c8fa','66346080641b9dedc7536e946a38c1c0',3,'Once a Langmore...',NULL,'Wendy does damage control when Wilkes\'s pressure on Sen. Blake backfires. Rachel is sent on a mission. Ruth resists accepting her Langmore destiny.',NULL),('9f46394252e21a14fcfacf1d5fce8c5b','665c4738876dc758786f5caa5cf7b722',10,'Wherever You Go, There You Are',NULL,'While Stede attempts to reenter his old life, Blackbeard tends to a wounded heart.',NULL),('212ce6c80f9d052702117bd5ac837cde','6704f12f41dfd6223b97ee899701c897',5,'Men Against Fire',NULL,'Future soldiers Stripe and Raiman must protect frightened villagers from an infestation of vicious feral mutants.',NULL),('f85f6b899d33bf709ff00c36e919a23c','678ed8ecefcf98e451ff66fd859b7be8',7,'Pond Hockey',NULL,'With the team mad at Evan, and Alex unsure of her coaching skills, Bombay brings them somewhere new.',NULL),('566e97f614b0f7b199b49d683db70b4f','67b2eda983d471ada433bb6ed5413d0e',3,'The Men of Always',NULL,'Murphy encounters the depths of government corruption when he and Peña try to derail Escobar\'s political ambitions by proving he\'s a narco.',NULL),('c999419dd22bb58f245fb8bcba667094','67c7eb1d5e2ddc3d7c6184b959ab9f0b',12,'Episode 12',NULL,'',NULL),('c9bb9c73b7af5b6092c4b01a1d1e5747','68f75b08b03c0b20b249ae4d8e40fcf9',8,'Stay',NULL,'Faraday finds himself stuck between Arasaka and Militech. Lucy and Rebecca confront David about his change in behavior, but he refuses to listen.',NULL),('566e97f614b0f7b199b49d683db70b4f','6910b886ca4b91f5728acf7db775326e',2,'The Sword of Simón Bolivar',NULL,'Communist radical group M-19 makes a move against the narcos, while Murphy gets an education in Colombian law enforcement from his new partner Peña.',NULL),('1adcca458d51bd79636afa8631eaac1a','692cb04f07f6e53acc3b9c18f305b2a3',1,'Orange Juice, No Pulp',NULL,'Nathan Fielder helps a Brooklyn-based trivia aficionado come clean to his teammate about a long-held lie.',NULL),('06d23249bd626297328fec95553a2597','693652bc804de66dc7a9d35c9130edaa',8,'The Devil You Know',NULL,'In need of nanobots to distribute his cure, Sarkov sends the team on a mission to Idaho. Burke and Finch team up to stay one step ahead of Dr. Crain.',NULL),('b3c9a42f45391bf6dd68037c00cdbad5','697d0bf1460f56d750c34fca192f96af',4,'Episode 4',NULL,'The Peaky Blinders take over London\'s Eden Club; Sabini convinces his old adversary Alfie Solomons to join forces and eradicate the gang.',NULL),('04fe07030df369040f1f39dd4695f01d','69f1bc0f155375711b50a8a69671d5eb',2,'Kill the Messenger',NULL,'As the dust settles from the shootout, the Duttons deal with the potential repercussions.',NULL),('1fb0aac48948321f45cb5eaf2396c34c','6a9bb383702f6cfac7d3a9222c2cbad4',2,'Grilled',NULL,'Walt\'s disappearance is met with investigation by both his wife and Hank, as Tuco Salamanca intends to leave town with his kidnapped cooks.',NULL),('654dbd1b78544d038c533390fa91caca','6b1b9a583e713f03a813ead90ed0c69c',10,'Sins of the Father',NULL,'The feud with the Becks comes to a head as the Duttons scramble to save one of their own.',NULL),('6288f49e4b1e678048a821e18b51ca23','6b54420d60e4c9bc895a57a624edb658',10,'Somebody to Love',NULL,'Gloria follows the money; Nikki plays a game; Emmit learns a lesson about progress from Varga.',NULL),('fc7791b9faed8d32191f9d6028dfce1a','6b55705f29117edf7dadaa26bf444f93',5,'The Road to Hell',NULL,'In the light of extraordinary personal revelations, Tommy takes a course of action that will change everything. Meanwhile, his enemies\' plans start to fall into place.',NULL),('eeb2756a3a939197c08f0289046fb8b4','6bc44897b13f92ffe28eb163dcd3aefa',6,'Dating Service; Party Planner',NULL,'Nathan helps a dating website attract female users; a party planner is given a new way to send out invites; Nathan also shares his strategy for self-motivation.',NULL),('06d23249bd626297328fec95553a2597','6bf4ee00842f22fdb316843f1e22c605',3,'Portland Warehouse Massacre',NULL,'The Imperfects meet another participant and it does not go as planned. An unexplained woman seems to be looking for the Imperfects.',NULL),('b5cf5d04f5a38f353be00abe9a206d94','6c5d696fa6cd734c104705308ec95082',3,'...And the Bag\'s in the River',NULL,'Walt and Jesse clean up after the bathtub incident before Walt decides what course of action to take with their prisoner Krazy-8.','2008-02-10'),('1fb0aac48948321f45cb5eaf2396c34c','6d437a92678a91e107201bd6cc9ddc69',13,'ABQ',NULL,'Walt\'s lies have pushed Skyler to her limit. She leaves with the kids. Meanwhile, Jesse blames himself for Jane\'s death and goes into rehab.',NULL),('04fe07030df369040f1f39dd4695f01d','6d7358c27f85d5d2d6885ad18f21e4d8',6,'The Remembering',NULL,'A new partnership threatens John and the Yellowstone; Jamie ramps up his political campaign.',NULL),('83260b357055283208bf5978182c2400','6e5a4f0a0b030a6067e58fe91e44e409',7,'Nest Box',NULL,'To stop Jacob from carrying out his threat, Marty makes an offer. Agent Petty gets what he needs to turn Russ. Charlotte grows desperate to escape.',NULL),('f4f85aab91a864f522aeacd325954faa','6eb3a1d5463589b2b050adb3ebdcdd1b',2,'Phantom Pain',NULL,'John and Kayce discuss the attack. Jamie finds his new home. Beth and Rip have unexpected company.',NULL),('654dbd1b78544d038c533390fa91caca','6f763000e0913475187a469158f596d1',1,'A Thundering',NULL,'Kayce settles into his new role at the ranch; A damaging article threatens to expose John; Rainwater pitches his new plan to the tribal council.',NULL),('9f46394252e21a14fcfacf1d5fce8c5b','6fcba4861f37ca23560fb88f2c64e174',8,'We Gull Way Back',NULL,'Blackbeard\'s old friend Calico Jack appears on the Revenge. Soon his presence starts to cause fractions between Stede and Blackbeard.',NULL),('25161b9cae1d307efba2beeb35ee793c','714f87a3e24fabd338133f6fdfe32638',7,'By Blood',NULL,'The night of the Harvest Dance brings a full moon and chaos as Suzanne desperately tries to keep Mae safe. Alex realizes the cult\'s powerful influence.',NULL),('0539233281207ccb85774270be7723e8','730fe3d5177d6ee6a9272719edd9b030',6,'A Thousand Little Trees of Blood',NULL,'As relationships with mothers are tested, Rue tries to recover. Nate enjoys his newfound freedom.',NULL),('f1646747551e0f7d91a641448aefd117','733fcba46ae506bc107d87f63368310a',8,'Hermanos',NULL,'When Hank produces evidence that Gus is Albuquerque\'s crystal meth kingpin, Walt worries that he and Jesse will be killed to protect their boss.',NULL),('6238ad82ad12b470d01bb33d0cf0640d','7352522cbd96921bcf949139f37973b2',3,'Get Some',NULL,'It\'s the race of the century. A-Train versus Shockwave, vying for the title of World\'s Fastest Man. Meanwhile, the Boys are reunited and it feels so good.',NULL),('25161b9cae1d307efba2beeb35ee793c','735bba82ac06a8749a5a7c409431549b',3,'Mother\'s Keeper',NULL,'After enrolling in Jules\' school, Mae attracts attention from the newspaper editor. Suzanne reaches out to Mae\'s parents. Peter asks a friend for help.',NULL),('f1646747551e0f7d91a641448aefd117','73749982f73e74f2d73038e24aae010d',9,'Bug',NULL,'While Walt tries to subvert Hank\'s probe into the Albuquerque meth scene, a deadly warning forces Gus to consider a deal with the cartel.',NULL),('06d23249bd626297328fec95553a2597','74204e8ee6a6da2aac38ca5a8aa464ab',4,'One of Us',NULL,'Juan spends time with his brother and niece. Tilda and Abbi meet with another experimental subject. Investigators with badges start looking for the Imperfects.',NULL),('04fe07030df369040f1f39dd4695f01d','7428b8865b68cf8d5847e01d73af529e',5,'Coming Home',NULL,'As Kayce feels the heat from tribal police, Jamie works his legal magic; Rip recruits a new cowboy; John makes a play to keep Kayce and Monica close to home.',NULL),('1adcca458d51bd79636afa8631eaac1a','743cd480c9cfbf4f33bff2d408bca823',4,'The Fielder Method',NULL,'Nathan travels to Los Angeles to train actors for his show.',NULL),('f4f85aab91a864f522aeacd325954faa','7468bcc0043071637f492079085fdc78',3,'All I See Is You',NULL,'John seeks revenge with help from some unexpected allies. Kayce solves a problem with an unconventional method. Beth gives Carter his options. Jimmy prepares for a change.',NULL),('e2ac8ed4d6497359255904150147a1be','74a33f62337901bae2dc4c0d665205a3',7,'Kalm Korn',NULL,'Marvyn\'s statue resurfaces, and he stops undermining Holly. Emma accidentally throws a party.',NULL),('8306799d1deead7f0e0505118a8d861f','755373df5f928118808d9746df448308',3,'Clothing Store/Restaurant',NULL,'Nathan encourages a clothing store to allow shoplifting and trains a new assistant. A restaurant owner is surprised when Nathan asks to be included in her will.',NULL),('bc2eecc49090d5ad6e79ba33992819ba','75a87049132d7ac34c9fa590d41fb589',5,'Crossroads',NULL,'Winters writes a report on the challenge of an unexpected resistance to a German attack, and is haunted by his conscience after shooting a teenage German SS soldier.',NULL),('f13fa9d7506235f6160792767834cf4a','75b2424d0dff7f650b74f0ba946b1d72',8,'The Hero',NULL,'Nathan tries to prove that there\'s a hero inside every one of us.',NULL),('39f97d525dd13b2711a1bbabbb2c42d8','7604d1cde0c6ca37757d3950b47f9552',6,'Sangre Sobre Todo',NULL,'Marty is tasked with proving Omar wasn\'t involved with a bombing. Wendy pays a visit to the Lazy-O Motel. Ruth and Wyatt make a plan.',NULL),('9f46394252e21a14fcfacf1d5fce8c5b','7622f841811b0d45b6f7ad04d3dd0b15',3,'A Gentleman Pirate',NULL,'Stede (a.k.a. \"The Gentleman Pirate\") conducts business in the Republic of Pirates. Oluwande and Jim face their past.',NULL),('9f46394252e21a14fcfacf1d5fce8c5b','767c755e98545e3f91106523c2f6836d',9,'Act of Grace',NULL,'Captured and facing trial, Stede and Blackbeard face tough choices and an uncertain future.',NULL),('bcb1698c4ad595eabff5c9662b05c401','76c5e8b0a73575c3ba52196e68f8389e',3,'The Myth of Sisyphus',NULL,'The Gerhardts\' search for Rye intensifies, Lou takes a trip to Fargo, and Peggy overhears a new theory about the Waffle Hut shooter.',NULL),('39a7a77ddda8f50369ff912f3da245f8','76fa11c31614941c308e3b164c6ab20d',9,'Chapter Nine: The Gate',NULL,'Eleven makes plans to finish what she started while the survivors turn up the heat on the monstrous force that\'s holding Will hostage.',NULL),('e7359325859168a0ec03eb80b9e9c7ca','77dd736febaaa10c6474fd85fefee0cd',6,'Mr. Jones',NULL,'Family tensions surface after an unexpected announcement. Tommy puts his plan for Oswald Mosley into action, but has he underestimated his opponent?',NULL),('c25d88acc0a04d27318f4bf425f9619e','7863aa65da7f347db60bdaf0ed91cf9a',2,'Stuntin\' Like My Daddy',NULL,'On the first day of school, Rue struggles to put the past behind her; Nate\'s obsessions turn violent; Kat finds a video of her online.',NULL),('7c707671b4d78ee52845e4f99ed2451d','78d5fab84219c8ec86e3e0bdbf630af9',12,'Rabid Dog',NULL,'Walt discovers Jesse broke into his house and attempted to burn it down. Walt wants to protect his family so he moves them into a hotel for a few nights. Jesse makes plans to take down Walt.',NULL),('39f97d525dd13b2711a1bbabbb2c42d8','79e19ace2c67e54cd847bfc347db3ee1',8,'The Cousin of Death',NULL,'Devastated by a tremendous loss, Ruth heads to Chicago to enact revenge as Marty tries to talk her out of doing something she might regret.',NULL),('1fb0aac48948321f45cb5eaf2396c34c','7a4a767c755cd9bb5e145286bdeb7f74',5,'Breakage',NULL,'Walt and Jesse decide to start their own little empire with the help of Jesse\'s friends: Skinny Pete, Combo, and Badger. Meanwhile, Hank tries to pull himself together after his encounter with Tuco.',NULL),('b6f011caf4141f05b8e7d29814348732','7b2388e952e853b48c8b7616f29ae6f6',3,'Betrayer Moon',NULL,'Geralt takes on another Witcher\'s unfinished business in a kingdom stalked by a ferocious beast. At a brutal cost, Yennefer forges a magical new future.',NULL),('8306799d1deead7f0e0505118a8d861f','7b23dec5db446c3a89f0ac366615fbf7',8,'Private Investigator/Taxi Company',NULL,'Nathan puts a private investigator to the test by allowing himself to be spied on for a day, a taxi company is brought a solution for shy customers, and Nathan is forced to include product placement in his show.',NULL),('f4f85aab91a864f522aeacd325954faa','7d29175c020cde1b6866a7de96b9cbd7',6,'I Want to Be Him',NULL,'Beth confronts her father\'s houseguest; Kayce and his family search for a new home; Jamie seeks answers from Garrett; Lloyd loses his cool.',NULL),('f1646747551e0f7d91a641448aefd117','7dbd21679eb2e4efca46fce99d8231f3',1,'Box Cutter',NULL,'Walt and Jesse are held captive for Gus, after Gale\'s death. Meanwhile, Skyler tries to find out what happened to Walt.',NULL),('0539233281207ccb85774270be7723e8','7dcb11b2fb0377c5d2837a816ad49d43',2,'Out of Touch',NULL,'As the semester kicks off, Jules questions Rue and Elliot\'s new friendship. While Cal hunts for answers, Nate makes a tough decision. The lines between fantasy and reality begin to blur as Kat ponders her relationship, and Maddy contemplates the decision to end hers.',NULL),('009f95053725376a106448e59d30269c','7dff8cb0765b3b93b7f8769868d0a2a7',9,'Meaner Than Evil',NULL,'Jamie confronts his past. Rip approaches Kayce about an old problem. The bunkhouse looks to defend two of their own.',NULL),('c9bb9c73b7af5b6092c4b01a1d1e5747','7eac41c2d9bbbc2511ae90f14a92f47a',3,'Smooth Criminal',NULL,'Surrounded by a group of rowdy edgerunners, David makes a plea to join their team. Meanwhile, sinister forces plot to lure him back to Arasaka Academy.',NULL),('864b6575289716760a6f745ce5ba6a4e','7ee08ef06392194fca5952b4db8e0371',2,'Kaer Morhen',NULL,'Seeking a safe place for Ciri, Geralt heads for home, but danger lurks everywhere - even Kaer Morhen. Yennefer\'s dreams could be the key to her freedom.',NULL),('04aea369458f234ff90282a5d44b02aa','8000c53a9ad82ee41c704e5c7577b424',2,'Proper Preparation and Planning',NULL,'Butcher is back with the Boys, but tensions flare with Hughie. Homelander spends quality time with his new \"family.\" Starlight and Stormfront bond at a press junket and the Boys hunt down a super terrorist with a startling identity.',NULL),('c91cf3f2f7d00f77450b4dd2b5fb3c6b','81389e6fb7709c106d47bfefe380f0ef',11,'Abiquiu',NULL,'Skyler gets more involved in Walt\'s business, much to his chagrin, as Hank struggles with his recovery. Meanwhile, Jesse takes an active role in his new enterprise, leading him to a startling discovery.',NULL),('6238ad82ad12b470d01bb33d0cf0640d','818a4760a028402a819df9ac7a63ee77',5,'Good for the Soul',NULL,'The Boys head to the \"Believe\" Expo to follow a promising lead in their ongoing war against the Supes. There might -- MIGHT -- be a homicidal infant, but you\'ll have to see for yourself.',NULL),('864b6575289716760a6f745ce5ba6a4e','8199ee541d55189756ed0a650c434f34',5,'Turn Your Back',NULL,'As a powerful mage joins the hunt for Ciri, she cuts a deal with Vesemir over his extraordinary discovery. Geralt explores the mystery of the monoliths.',NULL),('ba6929a18653f4f28071a40ac01bb12b','82ac9dc4838549ebc6ce2ff1757362d1',2,'The Richards Tip',NULL,'Nathan helps a small-town diner with an act of extreme generosity.',NULL),('a5de20457d8264ee24cafeb01f951b71','82c77dcabc60d62a4fea86e117995dbf',8,'BFF',NULL,'Ruth isn\'t happy about Marty and Wendy\'s plan to bury the hatchet with Frank Jr. The Byrdes make a difficult decision about Ben. Maya is reprimanded.',NULL),('9f46394252e21a14fcfacf1d5fce8c5b','82cbd1d2177884fcc44d9b582a1070bd',4,'Discomfort in a Married State',NULL,'As the threat of attack looms, Blackbeard and Stede finally meet. Jim fields questions from an overly curious crew.',NULL),('e2ac8ed4d6497359255904150147a1be','83e773f4d50b29b0cf30dd17cf52b724',8,'Everything to Me',NULL,'Marvyn teaches the girls a lesson: never underestimate your opponent. Emma auditions for the play.',NULL),('c91cf3f2f7d00f77450b4dd2b5fb3c6b','83fb3faa62a3849f03334a85a32c5262',9,'Kafkaesque',NULL,'Skyler hatches a plan as Hank\'s hospital bills stack up. Meanwhile, Walt and Gus come to a better understanding as Jesse, looking for more independence, pursues a new opportunity.',NULL),('00b429172a43822281f1e902b292924e','84a9c4fce688aedbf5712c6163e0877d',1,'The Noose',NULL,'It is Christmas and Tommy Shelby receives a letter that makes him realize that he and every member of the family are in danger. He knows that it is time for the family to bury their differences and face the enemy together.',NULL),('1fb0aac48948321f45cb5eaf2396c34c','84b0b8621334fc84daceb1aac0d0138e',6,'Peekaboo',NULL,'After Skinny Pete gets ripped off, Walt makes Jesse go get the money. Meanwhile, Walt\'s cover story on how Elliott and Gretchen are paying for his medical treatment is on the verge of collapsing.',NULL),('68ab79f804bcd3623fb9a784e8b0cfa4','856a1a3fbea0598aa9e5ea6b9432e7a3',3,'Eat or Be Eaten',NULL,'Predators and prey use hidden super-skills in battle to eat or be eaten.',NULL),('39a7a77ddda8f50369ff912f3da245f8','86021bbac16e06db5f8d0ecc86f175ca',4,'Chapter Four: Will the Wise',NULL,'An ailing Will opens up to Joyce -- with disturbing results. While Hopper digs for the truth, Eleven unearths a surprising discovery.',NULL),('39f97d525dd13b2711a1bbabbb2c42d8','8609809359fa65fd0db01733cbc33217',2,'Let the Great World Spin',NULL,'Maya pushes back on Marty\'s plan for Omar. Ruth pursues the hipster heroin market. Wendy tries to raise $150 million. The new sheriff causes problems.',NULL),('19267ea05f74a9e632c663dd9dc7a490','864ea21000e36c5c590c12db246340ee',7,'Playing House',NULL,'After discovering that their house has burned down, Coach Korn and Emma move in with Coach Barrett.',NULL),('39a7a77ddda8f50369ff912f3da245f8','86c97e81e4d2ddd211d24aa79a420e26',3,'Chapter Three: The Pollywog',NULL,'Dustin adopts a strange new pet, and Eleven grows increasingly impatient. A well-meaning Bob urges Will to stand up to his fears.',NULL),('f85f6b899d33bf709ff00c36e919a23c','86e1d72a173256de5e74c0f25404a8ab',5,'Cherry Picker',NULL,'Evan\'s rocker dad unexpectedly shows up, complicating things for Evan, Alex, and even Bombay.',NULL),('4f9a710a1cff57ba5c0990658f9b0be7','871fcd733680672534a7f163c9712f52',5,'The Six Ungraspables',NULL,'When Lester has a close call, Molly makes an unorthodox decision. Gus weighs some neighborly advice, and Malvo gets what he wants.',NULL),('212ce6c80f9d052702117bd5ac837cde','8759f8f3214b02b855459b899ccb9b09',6,'Hated in the Nation',NULL,'In near-future London, police detective Karin Parke, and her tech-savvy sidekick Blue, investigate a string of mysterious deaths with a sinister link to social media.',NULL),('487b0f546e89568b8868b9392b12c8fa','87a6b7455f160307d41910dfca94601c',6,'Outer Darkness',NULL,'An FBI search of the Snells\' field yields a surprise. Playing hardball, Agent Petty questions Wilkes. The Byrdes mourn a loss.',NULL),('7c707671b4d78ee52845e4f99ed2451d','882da4b1aea2bc9b8dd8dc5b27fccf8e',15,'Granite State',NULL,'Walt struggles as he adapts to aspects of his new identity. Jesse plans an escape against Jack and his crew.',NULL),('eeb2756a3a939197c08f0289046fb8b4','88745e3dd459f99d688b27d02ef0c727',4,'Liquor Store; Exterminator; Car Wash',NULL,'Nathan helps a liquor store sell to underage customers; an exterminator learns how to work discretely.',NULL),('0539233281207ccb85774270be7723e8','88b173751cf987eda95b1ea59c62877b',5,'Stand Still Like the Hummingbird',NULL,'Fate has a way of catching up with those who try to outrun it.',NULL),('5815d1e65566e71e538f3a13dd26044e','8929bffbcc49a62e79145ddfff9d6cb3',10,'Going Back to Cali',NULL,'David and Peña are in a race against each other to find Pallomari. Peña makes a serious decision about the future of his career.',NULL),('854212de47a60a6be3fd2d69e50af097','89cedee64300658d96b14bd7ba8e88c0',8,'Chapter Eight: The Battle of Starcourt',NULL,'Terror reigns in the food court when the Mind Flayer comes to collect. But down below, in the dark, the future of the world is at stake.',NULL),('864b6575289716760a6f745ce5ba6a4e','89e2c792453227ac83aff77d3a3fb389',1,'A Grain of Truth',NULL,'Geralt sets off with Ciri on a journey that leads him to an old friend. After the battle of Sodden, Tissaia shows no mercy in her search of information.',NULL),('39a7a77ddda8f50369ff912f3da245f8','8a1bc3e791221f165722270326b31db6',5,'Chapter Five: Dig Dug',NULL,'Nancy and Jonathan swap conspiracy theories with a new ally as Eleven searches for someone from her past. \"Bob the Brain\" tackles a difficult problem.',NULL),('04fe07030df369040f1f39dd4695f01d','8a5be5103f863fc3435bec0464c26244',1,'Daybreak',NULL,'John Dutton tries to protect his ranch from land developers, an Indian reservation and America\'s first national park.',NULL),('08728cb33e50d52cf2114169b21cc549','8a95a66ab7a569922382e746fcef76ec',6,'Going Back Out',NULL,'The Greens are back with a parody to Break This Down from Descendants 3!',NULL),('08728cb33e50d52cf2114169b21cc549','8af55361a7f83990c2d87934f767d56c',3,'Stuck at Home',NULL,'Cricket, Tilly, Gramma, and Bill make the best out of being stuck at home!',NULL),('654dbd1b78544d038c533390fa91caca','8bca276fe5e4a03ebb88c0910c1711ed',7,'Resurrection Day',NULL,'Tensions escalate as the Beck brothers become frustrated by the Duttons\' unwillingness to play ball; Jamie looks for a fresh start at the ranch.',NULL),('009f95053725376a106448e59d30269c','8c6332f0000481b52d3105efa20ad4be',4,'Going Back to Cali',NULL,'Beth shares a personal secret with Rip; John and the boys deal with some hostile trespassers from out of state; Rainwater reaches out to a powerful woman to help secure the future of Broken Rock.',NULL),('c999419dd22bb58f245fb8bcba667094','8d1b8a5773d78a856074bc83c40cfef1',7,'Episode 7',NULL,'',NULL),('c4c9fcd5c34aeccfa6c9a847d9c8f179','8d2f806cff7cca92e645cb8bfcb6ea70',8,'Chapter Eight: Papa',NULL,'Nancy has sobering visions, and El passes an important test. Back in Hawkins, the gang gathers supplies and prepares for battle.',NULL),('39f97d525dd13b2711a1bbabbb2c42d8','8d481d69c4f642b0d53c52aab02ba252',13,'Mud',NULL,'Omar pressures Marty to launder more money, but Ruth wants to keep her casino clean. Wendy goes to extremes to keep her children.',NULL),('654dbd1b78544d038c533390fa91caca','8d5ca0feb5d2fb3eef9afb56fb8545ed',9,'Enemies by Monday',NULL,'The Duttons gear up for a final fight with the Becks; Beth helps Monica out of an uncomfortable situation.',NULL),('c999419dd22bb58f245fb8bcba667094','8d669aa76c2192b2c8e13bb6bf9b3c76',10,'Episode 10',NULL,'',NULL),('f5725c07d1082b0a4d5780e144418a39','8e35871304cbca5f0cca487e6801b7db',5,'Episode 5',NULL,'As the Russians test the Peaky Blinders, Tommy realises that he is seriously outmaneuvered. But he has an ace up his sleeve.',NULL),('68ab79f804bcd3623fb9a784e8b0cfa4','8e55f37012633b6060defa96592aadb3',6,'Impossible Journeys',NULL,'On seemingly impossible journeys, animals turn to incredible superpowers.',NULL),('009f95053725376a106448e59d30269c','901ff1616940f6733fd938ff4caa6187',1,'You\'re the Indian Now',NULL,'In the wake of the Beck Brothers, John reshuffles the political decks; Beth finds a trespasser on the ranch and learns that he may have big ambitions for the surrounding land; John helps Tate deal with his nightmares.',NULL),('bc2eecc49090d5ad6e79ba33992819ba','90caf57303dbd0bd64217cac937b5372',1,'Currahee',NULL,'Easy Company goes through training under the leadership of a captain who relentlessly pushes them to their limits but may be limited as a leader in the field.',NULL),('7c707671b4d78ee52845e4f99ed2451d','90f94aa98b81c3c3d4bc6a80a5a61d3d',14,'Ozymandias',NULL,'Walt goes on the run. Jesse is taken hostage. Marie convinces Skyler to tell Walter, Jr. the truth.',NULL),('4f9a710a1cff57ba5c0990658f9b0be7','912c017c75eb3f9af1612e2473124881',2,'The Rooster Prince',NULL,'Molly begins to suspect that Lester is involved in the murders, but her boss points her in a different direction. Meanwhile, Malvo investigates the plot against a man known as the Supermarket King.',NULL),('b6f011caf4141f05b8e7d29814348732','914fbb748d4ab77602bf8a3ccae18a31',2,'Four Marks',NULL,'Bullied and neglected, Yennefer accidentally finds a means of escape. Geralt\'s hunt for a so-called devil goes to hell. Ciri seeks safety in numbers.',NULL),('f13fa9d7506235f6160792767834cf4a','921434800d05b5fb1766d8dc55f79b6f',5,'Smokers Allowed',NULL,'Nathan helps a dive bar get around anti-smoking laws.',NULL),('7c707671b4d78ee52845e4f99ed2451d','92d1c20d8f998fb0e00f5a3d7ee7b2a4',13,'To\'hajiilee',NULL,'Jesse and Hank come up with an idea to take Walt down. Walt hires Todd\'s uncle to kill Jesse.',NULL),('c1ce9516f6bd3a58609d8fba23f661ca','930761b55a41467888505c7f6174787c',7,'Chapter Seven: The Bathtub',NULL,'The government comes searching for Eleven. Eleven looks for Will and Barb in the Upside Down.',NULL),('212ce6c80f9d052702117bd5ac837cde','937d255505bcb9c5a176f8abf7d56743',2,'Playtest',NULL,'An American traveler short on cash signs up to test a revolutionary new gaming system, but soon can\'t tell where the hot game ends and reality begins.',NULL),('1adcca458d51bd79636afa8631eaac1a','9385711d0bb6efc77e32bbfca52be88a',2,'Scion',NULL,'Nathan allows an Oregon woman to prepare for motherhood by simulating the experience of raising a child from zero to eighteen.',NULL),('f1646747551e0f7d91a641448aefd117','938768c0697fe71e4f81342237e5c0c5',12,'End Times',NULL,'The DEA is putting Hank and his family in protective custody; however, Walt refuses and awaits his fate in his house. Meanwhile, Brock has fallen terribly ill and Jesse suspects Walt may be behind it.',NULL),('39fd70e7880c97d1d311085a9979f935','93a7c91a6b6c00b6189a9f9df7c1bde5',8,'The Nadir',NULL,'Loy plays with fire, Josto wears his heart on his sleeve, Oraetta makes a surprising discovery and Deafy closes in on Zelmare and Swanee.',NULL),('6288f49e4b1e678048a821e18b51ca23','940364b7658008ffb69a96baf1d04079',7,'The Law of Inevitability',NULL,'Gloria tries to work around the system; Nikki finds herself in a familiar place; Varga comes up with an alternative plan; Emmit goes to dinner.',NULL),('04fe07030df369040f1f39dd4695f01d','94057043f2bcf8e1a80362b52dd25b87',8,'The Unravelling: Part 1',NULL,'Rip faces a sheriff\'s investigation after his accident with the tourists, Jamie\'s political future comes into question, and Beth goes after Dan\'s finances.',NULL),('19267ea05f74a9e632c663dd9dc7a490','949d1afae55779af69fb568bd817a536',6,'It\'s Going to Be Okay',NULL,'A wildfire threatens everyone\'s lives and livelihoods as people seek refuge in the Westbrook gym.',NULL),('5815d1e65566e71e538f3a13dd26044e','949e968b5c5b7f14cf142adc3cdeef35',9,'Todos Los Hombres del Presidente',NULL,'David follows his suspicions. Peña is shocked to discover the depth of corruption in the Colombian government. Miguel is sought after once again.',NULL),('f13fa9d7506235f6160792767834cf4a','9561d097950991f60d77be3c2b138488',3,'The Movement',NULL,'Nathan tries to get laborers to work for free at a moving company.',NULL),('c999419dd22bb58f245fb8bcba667094','95bea0bbb442698df4d96ce104ca8641',4,'Episode 4',NULL,'',NULL),('958c6bd787a266c1065b1cab2bd7b9aa','96196db00a4b58856ce2693f8ef5708d',6,'Los Pepes',NULL,'The newly-formed Los Pepes want to destroy Pablo and his empire. Tata\'s brother urges her to leave and seek safety with her children.',NULL),('156ee6a11b28bd61e1071fa9217caa1e','9695cdb10f22755a038b450bbf7785cc',2,'Fifteen Million Merits',NULL,'In a world where people\'s lives consist of riding exercise bikes to gain credits, Bing tries to help a woman get on to a singing competition show.',NULL),('04aea369458f234ff90282a5d44b02aa','979d4e8275d563a0e70044157ea593a4',6,'The Bloody Doors Off',NULL,'When The Boys and Starlight follow a lead to Vought\'s mysterious Sage Grove Center, they find one of Vought\'s darkest secrets - and someone even darker from their past. Meanwhile Homelander and Stormfront\'s relationship deepens.',NULL),('eeb2756a3a939197c08f0289046fb8b4','97c11f402bf733a448fa8f2ffcdd8e00',3,'Pet Store; Maid Service',NULL,'A pet store is given a new way to advertise; Nathan challenges a maid service to clean a house in six minutes.',NULL),('bcb1698c4ad595eabff5c9662b05c401','97edfa779a3a99a7808f2ae8b115cfad',4,'Fear and Trembling',NULL,'The Gerhardts respond to Kansas City\'s proposal, while Hanzee finds a new lead in Rye\'s disappearance. Lou questions Ed and Peggy.',NULL),('c1ce9516f6bd3a58609d8fba23f661ca','984e8d002ec1e7e77d11468dac7b882e',4,'Chapter Four: The Body',NULL,'Refusing to believe Will is dead, Joyce tries to connect with her son. The boys give Eleven a makeover. Jonathan and Nancy form an unlikely alliance.',NULL),('840667b03aff464c64f8f35024f0a38e','984ec98420a0c0f9cfe454ea0c9187f2',4,'Hang the DJ',NULL,'Paired up by a dating program that puts an expiration date on all relationships, Frank and Amy soon begin to question the system\'s logic.',NULL),('1fb0aac48948321f45cb5eaf2396c34c','98ec431e59f8cb735323928137587bcb',11,'Mandala',NULL,'Walt and Jesse\'s little empire begins to crumble. Saul tries to set them up with a mysterious distributor.',NULL),('c4c9fcd5c34aeccfa6c9a847d9c8f179','990fcee7171a22ea5f32c01a361a6314',9,'Chapter Nine: The Piggyback',NULL,'With selfless hearts and a clash of metal, heroes fight from every corner of the battlefield to save Hawkins - and the world itself.',NULL),('f4f85aab91a864f522aeacd325954faa','99d6f543e15ea08e597287057185c9e9',4,'Winning or Learning',NULL,'Jamie receives some surprising news; Beth receives an offer; Jimmy settles in on the road; tensions boil over in the bunkhouse.',NULL),('009f95053725376a106448e59d30269c','9a1222adf6acb9ab047900b167edb44c',8,'I Killed a Man Today',NULL,'Beth continues her battle with Willa Hayes, and brings John a lucrative offer. Monica has a harrowing ordeal.',NULL),('958c6bd787a266c1065b1cab2bd7b9aa','9a90b90f8ba795f878f875aabd2530e0',7,'Deutschland 93',NULL,'As the danger intensifies for the Escobars, Pablo sends his family to another country. Gaviria weighs the opportunity to use them as leverage.',NULL),('f85f6b899d33bf709ff00c36e919a23c','9a9925f8900c9c896caf783a13f1dc58',1,'Game On',NULL,'When 12-year-old Evan is cut from The Ducks, he and his mom try to build a new kind of hockey team.',NULL),('07a0418dfd5c8288771cd59f76b18479','9c13d9fc100950cd7573299332648818',6,'Cities',NULL,'Cities are the newest habitat on Planet Earth. The series documents the wildlife in our cities.',NULL),('6238ad82ad12b470d01bb33d0cf0640d','9d303842e4918bc1b57a15ce345ac073',7,'The Self-Preservation Society',NULL,'Never trust a washed-up Supe -- the Boys learn this lesson the hard way. Meanwhile, Homelander digs into his past, Starlight discovers that love hurts, and if you\'re ever in Sandusky, Ohio and a girl asks if she can touch your gills, say NO.',NULL),('c91cf3f2f7d00f77450b4dd2b5fb3c6b','9df9de9b3ffd10fd664687b87e7a12d4',1,'No Más',NULL,'Skyler goes through with her plans to divorce Walt. Jesse finishes rehab.',NULL),('009f95053725376a106448e59d30269c','9dfc367ce3831803206e172a17cac341',3,'An Acceptable Surrender',NULL,'Jamie plays cover-up and damage control with Hendon; Governor Perry hears a $6 billion pitch for a development right on the Yellowstone, and later makes some political maneuvers; Jimmy competes in a rodeo competition.',NULL),('f4f85aab91a864f522aeacd325954faa','9e728b06be317fb31b76c5b2fabddb9b',1,'Half the Money',NULL,'The coordinated attack on the Duttons continues as everyone searches for answers on who is responsible; Rip delivers on a promise.',NULL),('f5725c07d1082b0a4d5780e144418a39','a046794a235754f6dc2ff4ed86b61202',4,'Episode 4',NULL,'Polly goes to confession, igniting a chain of events that reveals a trap being laid at the Shelbys\' expense. Tommy plans an exit from dirty business.',NULL),('958c6bd787a266c1065b1cab2bd7b9aa','a25e23cf2dd66d3bf750f69ec03f4dfa',10,'Al Fin Cayó!',NULL,'Javier deals with the repercussions from Judy\'s interview. Tata tries to convince Pablo to surrender for the sake of his children.',NULL),('04fe07030df369040f1f39dd4695f01d','a26410df8f430421e835d9830782e8e4',9,'The Unravelling: Part 2',NULL,'John discovers his true alliances, Rip searches for answers, Jamie\'s political career is threatened, Beth takes on a new role, and Kayce returns home.',NULL),('e7359325859168a0ec03eb80b9e9c7ca','a2e0ed8c3460d23d634665a25a1d7a0b',4,'The Loop',NULL,'Tommy agrees to dangerous new partnerships, and a Shelby party promises fireworks.',NULL),('83260b357055283208bf5978182c2400','a30a529db9193cad4754ce4de92d958d',5,'Ruling Days',NULL,'Marty decides to invest in the religious sector, unaware he will disrupt a discreet business operation. A surprise visitor shows up at the Byrde home.',NULL),('bc2eecc49090d5ad6e79ba33992819ba','a311abf4ae15e579b6f6b87ef9a2653d',3,'Carentan',NULL,'Easy Company takes on German troops in the French town of Carentan, and the battle takes its toll on one soldier who is badly traumatized by the experience.',NULL),('39f97d525dd13b2711a1bbabbb2c42d8','a3ff4638f40c4aa293c0e57afe222a74',3,'City on the Make',NULL,'Maya and Omar meet face-to-face. Wendy has a contentious business meeting. Ruth goes behind Darlene\'s back. Jonah finds a new place to set up shop.',NULL),('a5de20457d8264ee24cafeb01f951b71','a4f4caea12f1b2f01a47f8875e4516be',6,'Su Casa Es Mi Casa',NULL,'Marty and Wendy tell each other how they really feel, Ruth confronts Wyatt, Darlene lets her ambitions be known, and Ben\'s past comes into focus.',NULL),('c9bb9c73b7af5b6092c4b01a1d1e5747','a512f8953842a03e81be843f95d3f0a0',10,'My Moon My Man',NULL,'On the edge of cyberpsychosis but determined to save Lucy, David storms into Night City as Arasaka plots to deploy their ultimate lethal weapon.',NULL),('958c6bd787a266c1065b1cab2bd7b9aa','a5189cd1d71b273275938297cc839947',2,'Cambalache',NULL,'Tata gets impatient with life on the run. Pablo responds to President Gaviria\'s reward offer. Steve and Javier meet their new boss.',NULL),('1adcca458d51bd79636afa8631eaac1a','a6fbfcc3628c1bb99447aca2f0e6604a',5,'Apocalypto',NULL,'After a visit from his parents, Nathan struggles to stick up for his values.',NULL),('39f97d525dd13b2711a1bbabbb2c42d8','a716e5d0797f4e18ba4b8a73ac1ed97f',5,'Ellie',NULL,'The Senator extends an olive branch--with a twist. Ruth and Marty scramble to rebuy the drugs Darlene sold. Charlotte ponders life after high school.',NULL),('bc2eecc49090d5ad6e79ba33992819ba','a7957bf86a9f3cb76fef262fef0cb6f0',7,'The Breaking Point',NULL,'Easy Company remains in the Ardennes Forest preparing for an inevitable attack on German forces in the town of Foy. However, morale is low due to cold weather, constant shelling, poor leadership, and numerous casualties.',NULL),('fc7791b9faed8d32191f9d6028dfce1a','a82ef153952a738c48c0ec910c67ccae',3,'Gold',NULL,'Faced with devastating news, Tommy goes on a quest to discover who it was that placed a curse on his family. In Birmingham, Ada takes charge, and Arthur takes on some new recruits',NULL),('c91cf3f2f7d00f77450b4dd2b5fb3c6b','a86653d16f54195684f4b88d3354640f',8,'I See You',NULL,'Hank ends up in the hospital after being attacked by Tuco\'s cousins. Walt spends too much time by his family\'s side when he should be cooking meth.',NULL),('7fe2b63727cb33ea372831821b418edd','a91c281bf543738b2789465fbf5dcbb0',7,'Here Comes a Candle to Light You to Bed',NULL,'Everything\'s changing as never expected for the Homelander. Soldier Boy is searching for the other old payback members to slay. Black Noir recollects what has really got him to the current situation.',NULL),('39a7a77ddda8f50369ff912f3da245f8','a989822dc8ed633268113a32c02086c4',8,'Chapter Eight: The Mind Flayer',NULL,'An unlikely hero steps forward when a deadly development puts the Hawkins lab on lockdown, trapping Will and several others inside.',NULL),('25161b9cae1d307efba2beeb35ee793c','aa23ce1b683a0f04c78602b4ac7234ef',6,'My Love and I',NULL,'Alex makes a key connection after the fire. Painful memories surface for Suzanne. A fearful Mae tries to stop Jules from going on a date.',NULL),('07a0418dfd5c8288771cd59f76b18479','aabe10ceedc87bd346def6dd613f7a46',3,'Jungles',NULL,'Jungles provide the richest habitats on the planet - mysterious worlds of high drama where extraordinary animals attempt to survive in the most competitive place on earth.',NULL),('63be694c9ba440df0c2cdd41e5822c01','aad96d4d5597e452e2462005a6d163df',1,'Striking Vipers',NULL,'Two estranged college friends reunite in later life, triggering a series of events that could alter their lives forever.',NULL),('958c6bd787a266c1065b1cab2bd7b9aa','ab04d76844c83853d134d12a632c703c',9,'Nuestra Finca',NULL,'Pablo is reunited with an estranged family member. Judy Moncada\'s life is put in danger. The DEA and CIA clash over how to handle Los Pepes.',NULL),('a5de20457d8264ee24cafeb01f951b71','ab4aa3d0b93c64e803727f8ccfadbae0',9,'Fire Pink',NULL,'Ben\'s confrontation with Helen and Erin sends the Byrdes into crisis mode. Meanwhile, Sam\'s concerns about the FBI inspire little sympathy.',NULL),('f13fa9d7506235f6160792767834cf4a','ab92ba1d3986d5b5f51940ec51a94921',1,'Electronics Store',NULL,'Nathan faces off against a big corporation in an attempt to help a struggling electronics store.',NULL),('c91cf3f2f7d00f77450b4dd2b5fb3c6b','abff7c44bcae232b66af144ec6dee1ca',7,'One Minute',NULL,'Jesse ends up in the hospital after getting beaten up by Hank. Now he is threatening to press charges against the DEA. To stop him, Walt decides to bring Jesse on as his partner, once again.',NULL),('c1ce9516f6bd3a58609d8fba23f661ca','ac8b497d40983e9df7c48850408a0272',2,'Chapter Two: The Weirdo on Maple Street',NULL,'Mike hides the mysterious girl in his house. Joyce gets a strange phone call.',NULL),('39a7a77ddda8f50369ff912f3da245f8','aceb52846123889a6b49525772f147a5',6,'Chapter Six: The Spy',NULL,'Will\'s connection to a shadowy evil grows stronger but no one\'s quite sure how to stop it. Elsewhere, Dustin and Steve forge an unlikely bond.',NULL),('04aea369458f234ff90282a5d44b02aa','ad3562cbe622e27efbac9573c47a6dc1',8,'What I Know',NULL,'Becca shows up on Butcher\'s doorstep and begs for his help. The Boys agree to back Butcher, and together with Starlight, they finally face off against Homelander and Stormfront. But things go very bad, very fast.',NULL),('f5725c07d1082b0a4d5780e144418a39','ae30588c7aba21284b7a0758e435f43a',2,'Episode 2',NULL,'Tommy discovers the extent of the mission given to him and the extreme lengths his new paymasters are willing to go to in their quest for power. Meanwhile his own family\'s activities lead to escalating danger in Birmingham.',NULL),('1fb0aac48948321f45cb5eaf2396c34c','af32361c0e64692afba7ba99a9394ed9',3,'Bit by a Dead Bee',NULL,'Walt and Jesse try to come up with alibis for their disappearances.',NULL),('5815d1e65566e71e538f3a13dd26044e','af65be1cdf006fa6989fa65e712a9e00',3,'Follow the Money',NULL,'The Rodríguez brothers are hiding during the negotiations. Pacho meets the Lord of the Heavens in Mexico. Peña\'s new DEA team visits Cali.',NULL),('e2ac8ed4d6497359255904150147a1be','af6d67cfdc4f62acdc2384e309c2ccca',6,'Carlsbad Crazies',NULL,'Marvyn regresses back to his old ways while defending Louise from an opposing team\'s harassment. Holly gets a shot at the limelight.',NULL),('c91cf3f2f7d00f77450b4dd2b5fb3c6b','afa6e7dfc5ceef9ae041a295ec6a31ab',13,'Full Measure',NULL,'Jesse has disappeared and Walt is in big trouble with Gus. So Gus rehires Gale to learn from Walt\'s cooking so that they can dispose of Walt once and for all.',NULL),('b6f011caf4141f05b8e7d29814348732','b01db29057d991f5264909be33b34419',7,'Before a Fall',NULL,'With the Continent at risk from Nilfgaard\'s rising power, Yennefer revisits her past, while Geralt reconsiders his obligation to the Law of Surprise.',NULL),('7c707671b4d78ee52845e4f99ed2451d','b021e87cf2bdf1e2a43a2276326a7a99',7,'Say My Name',NULL,'Mike and Jesse are out. Now Walt has to handle things on his own. Hank finally finds a rat in Mike\'s gang.',NULL),('8306799d1deead7f0e0505118a8d861f','b04f1a6dac28b5567c7b1f7d4b8c787c',7,'The Claw of Shame',NULL,'In this special episode, Nathan performs a daring escape in which he risks a fate that is truly worse than death, and failed business ideas from the season are showcased.',NULL),('0539233281207ccb85774270be7723e8','b0762a23fcd08ddf6039a5fde7b6408e',3,'Ruminations: Big and Little Bullys',NULL,'Rue pursues a new business venture as she helps forge a friendship between Jules and Elliot. Cassie settles into a routine, while Lexi pours herself into mounting a school play. Maddy considers getting back together with Nate, and Cal finds a target.',NULL),('f5725c07d1082b0a4d5780e144418a39','b0c0e2f0ce2014329202e319f2410a0a',3,'Episode 3',NULL,'Tommy travels to Wales seeking absolution and uncovers a traitor in the Economic League. Michael develops a taste for guns. Arthur gets good news.',NULL),('864b6575289716760a6f745ce5ba6a4e','b1bc9a7e043b90474fdb5d01117319ca',3,'What Is Lost',NULL,'Impatient with Geralt\'s methods, Ciri braves major obstacles to prove her mettle. Scheming and suspicion among the Brotherhood make Yennefer a target.',NULL),('a5de20457d8264ee24cafeb01f951b71','b20ca92dcd54c5f846b9b71b9b036d5b',3,'Kevin Cronin Was Here',NULL,'The FBI dives into the casino\'s finances, Wendy\'s dreams take a dark turn, and Marty worries that the writing may be on the wall.',NULL),('1fd7fce069b3d48994b672c87f5e19ac','b2423a87666d06f617ac3f0cfd2a3f57',2,'Out of Bounds',NULL,'EPIC training kicks off, pushing our Ducks, especially Nick, to the brink. Alex faces off with Cole.',NULL),('1fb0aac48948321f45cb5eaf2396c34c','b2718c1aafed989df598a3da0cc56b3a',4,'Down',NULL,'Skyler keeps mysteriously leaving without talking to Walt. Jesse\'s parents throw him out of his own house.',NULL),('7fe2b63727cb33ea372831821b418edd','b3a604c5731d8935e90f6b295e9bec1e',1,'Payback',NULL,'You and a guest are invited to the premiere of DAWN OF THE SEVEN this Tuesday at 7PM in Vought Tower\'s Lamplighter Memorial Theater! Screening will be followed by a Q&A with director Adam Bourke and an after-party with Supe DJ Malchemical on the turntables! Join us for the greatest true origin story ever told about America\'s number one Superhero team and see how the legend began!',NULL),('c91cf3f2f7d00f77450b4dd2b5fb3c6b','b49e4c54abe1a0e16965fc29ecf6e7d7',3,'I.F.T.',NULL,'Walt has moved back into the house without Skyler\'s consent. Now she can\'t get him out. Meanwhile, Jesse continues to cope with Jane\'s death.',NULL),('06d23249bd626297328fec95553a2597','b4bb98f4a77364b784f046f4d469b03b',2,'Doug of the Dead',NULL,'In order to find Dr. Sarkov, the Imperfects look for others who participated in the genetic experiment.',NULL),('a5de20457d8264ee24cafeb01f951b71','b4c508af47c345e91fe56fb12be1b4ab',2,'Civil Union',NULL,'Wendy asks Helen - not Marty - to help close a deal, the Byrdes get a new houseguest, and business goes boom aboard a rival casino.',NULL),('39f97d525dd13b2711a1bbabbb2c42d8','b52d73751124dbeaad5086d6a43eddee',11,'Pound of Flesh and Still Kickin\'',NULL,'Ruth makes a play for the casino with some help from a familiar face. Wendy cozies up to Omar\'s sister and arranges a meeting with Clare.',NULL),('19267ea05f74a9e632c663dd9dc7a490','b53da041eb463283df83215f56bbb37c',1,'Ava Fever',NULL,'Coach Korn brings in a new player that shakes up the dynamic of the Westbrook team.',NULL),('bc2eecc49090d5ad6e79ba33992819ba','b63f9ab05e44e454b9382f781f269f69',6,'Bastogne',NULL,'In the dead of winter, the men of Easy Company fend off frostbite and hunger - in addition to the enemy - while holding the line in a forest outside of Bastogne. Meanwhile, exhausted medic Eugene Roe finds friendship with a Belgian nurse.',NULL),('4f9a710a1cff57ba5c0990658f9b0be7','b683b7399880bd83455ae899edbf1638',1,'The Crocodile\'s Dilemma',NULL,'A ruthless, manipulative man meets a small-town insurance salesman and sets him on a path of destruction.',NULL),('e7359325859168a0ec03eb80b9e9c7ca','b6d635e9940121c4e2092be10aa25559',1,'Black Tuesday',NULL,'In the wake of the Wall Street Crash, Tommy faces new dangers from unexpected quarters.',NULL),('f5725c07d1082b0a4d5780e144418a39','b6de8f7d890ed12f832488d1a05232dd',1,'Episode 1',NULL,'It is Thomas Shelby\'s long-awaited wedding day. A mysterious visitor imperils the entire Shelby family, and Tommy finds himself pulled into a web of intrigue more lethal than anything he has yet encountered.',NULL),('19267ea05f74a9e632c663dd9dc7a490','b70dc8ff86e3117d2a875b7d942337e5',10,'Moving On',NULL,'Coach Korn and the girls get ready to play the biggest game of their lives.',NULL),('1fb0aac48948321f45cb5eaf2396c34c','b7806583299ae8d169398f3d8fe78d97',12,'Phoenix',NULL,'Walt and Skyler have a baby girl. Now that Jesse is hooked on heroin, Walt refuses to give him his money until he gets clean. Meanwhile, as an excuse for his money, Walt decides to donate the money to himself through his son\'s new website.',NULL),('f13fa9d7506235f6160792767834cf4a','b8c951902ec68a33d5e87eeb8246e84d',4,'Sporting Goods Store/Antique Store',NULL,'Nathan attempts to secure an endorsement deal for a sporting-goods store, and an antique shop learns how to better utilize their \"You break it, you buy it\" policy.',NULL),('c4c9fcd5c34aeccfa6c9a847d9c8f179','b9c1d2edf426d341788d27a64ed2644e',1,'Chapter One: The Hellfire Club',NULL,'Still reeling from the events last year, the gang tries to move on with their lives. However, a threat is brewing both on Earth and the Upside Down.',NULL),('9f46394252e21a14fcfacf1d5fce8c5b','b9f18d12d638f96199f7bdb7d103c0d9',5,'The Best Revenge Is Dressing Well',NULL,'Blackbeard and Stede attend a fancy party. Oluwande and Frenchie embrace false identities. Izzy and Lucius go head-to-head.',NULL),('c91cf3f2f7d00f77450b4dd2b5fb3c6b','ba00b5fb71c60c8bdeb4c81172b9e148',4,'Green Light',NULL,'Walt\'s world crumbles even more after finding out that Skyler is cheating on him. Jesse tries to set up a meeting with Gus to try and sell his own version of the blue meth. Meanwhile, Hank is growing obsessed with finding Heisenberg.',NULL),('39a7a77ddda8f50369ff912f3da245f8','ba88ba9127a924fea64eef67538aee92',7,'Chapter Seven: The Lost Sister',NULL,'Psychic visions draw Eleven to a band of violent outcasts and an angry girl with a shadowy past.',NULL),('39fd70e7880c97d1d311085a9979f935','bac3d06d4feb31366e89fd2ddeac269f',5,'The Birthplace of Civilization',NULL,'The Smutnys receive unexpected guests, Josto and Gaetano reunite, Loy challenges the status quo and Oraetta is caught.',NULL),('c25d88acc0a04d27318f4bf425f9619e','baef3bb2a2d3f4cf421e626885fefcd3',8,'And Salt the Earth Behind You',NULL,'It\'s the winter formal at East Highland.',NULL),('39fd70e7880c97d1d311085a9979f935','bbd849d73b3fcf1f0b8ea83198b9f450',7,'Lay Away',NULL,'Josto Fadda makes a bold move, Loy Cannon battles his demons, and Oraetta Mayflower silences her critics.',NULL),('f1646747551e0f7d91a641448aefd117','bbf16ca7908c8ac7e212e6ff4b1744f7',5,'Shotgun',NULL,'Jesse rides shotgun with Mike on a perilous run of pickups, prompting Walt to worry that his partner is about to be killed.',NULL),('c25d88acc0a04d27318f4bf425f9619e','bc8f5c21592206f028f797a575c0182e',5,'\'03 Bonnie and Clyde',NULL,'In the aftermath of the carnival, Maddy and Nate are forced to deal with a police investigation; Jules begins to feel pressured by her role in Rue\'s sobriety; Cal worries about his actions.',NULL),('ef9f8288836d8c0af5a22c771b09662e','bd1222e2ac7ade4ff12d8edba349420b',1,'Be Right Back',NULL,'After learning about a new service that lets people stay in touch with the deceased, a lonely, grieving Martha reconnects with her late lover.',NULL),('7c707671b4d78ee52845e4f99ed2451d','bd222c0ae608ba798df7015230036e93',1,'Live Free or Die',NULL,'Now that Gus is dead, Walt, Jesse, and Mike work to cover their tracks. Skyler panics when Ted Beneke wakes up.',NULL),('bc2eecc49090d5ad6e79ba33992819ba','be27b6788cd413e224bf79a7a936317a',4,'Replacements',NULL,'With the addition of many new men, Easy Company heads to Holland to participate in Operation Market Garden and prepare an Allied route into Germany, but they meet stiff German resistance.',NULL),('c25d88acc0a04d27318f4bf425f9619e','be88be56bff27648d1d765f2ac03b7c2',3,'Made You Look',NULL,'Kat starts camming; Jules falls for a boy online; Rue is confronted about her lies at NA; Cassie and McKay spend the weekend at his college.',NULL),('4f9a710a1cff57ba5c0990658f9b0be7','beca6ca960ae165e787d38f46ccb708f',8,'The Heap',NULL,'Molly faces pressure to close the case, while Lester starts to feel like a new man.',NULL),('5815d1e65566e71e538f3a13dd26044e','bf524557989a4b197fd3523560f81b98',7,'Sin Salida',NULL,'Peña plans another secret operation to topple a member of the Cali cartel but may run out of time while looking for him.',NULL),('ef9f8288836d8c0af5a22c771b09662e','bf58a8857a73031146cc883746eb1ef3',4,'White Christmas',NULL,'Three interconnected tales of technology run amok during the Christmas season are told by two men at a remote outpost in a frozen wilderness.',NULL),('68ab79f804bcd3623fb9a784e8b0cfa4','c01ff0eda8c4062c965eb0b304d50c0f',4,'Rivals',NULL,'Animals use amazing super-skills to triumph over their enemies.',NULL),('bc2eecc49090d5ad6e79ba33992819ba','c08c244564554a03cf15ff5dfa298eec',9,'Why We Fight',NULL,'As the Allies move into Germany and the war comes closer to an end, disillusionment and anger set in for Easy Company - until they stumble onto a concentration camp abandoned by the German military.',NULL),('c1ce9516f6bd3a58609d8fba23f661ca','c0d8b0412c17cf29b01aaabbb7511218',1,'Chapter One: The Vanishing of Will Byers',NULL,'At the U.S. Dept. of Energy an unexplained event occurs. Then when a young Dungeons and Dragons playing boy named Will disappears after a night with his friends, his mother Joyce and the town of Hawkins are plunged into darkness.',NULL),('25161b9cae1d307efba2beeb35ee793c','c14584c65e5a1d9dcae3733eeccd02dd',4,'Rely-Upon',NULL,'Alex digs for answers about Amontown and Suzanne consults an expert. Jules\' photo of Mae causes a stir at school, with unexpected consequences.',NULL),('eeb2756a3a939197c08f0289046fb8b4','c1856a93fd8122d476c84f20db2d5e6b',8,'Toy Company; Movie Theatre',NULL,'Nathan shows a toy company how to market to children; a movie theater instates a no-sharing policy at the concession stand; Nathan reconnects with an old friend.',NULL),('b5cf5d04f5a38f353be00abe9a206d94','c2d67467968cccd6d9cbca3de9e57a5f',7,'A No-Rough-Stuff-Type Deal',NULL,'Walt and Jesse try to up their game by making more of the crystal every week for Tuco. Unfortunately, some of the ingredients they need are not easy to find. Meanwhile, Skyler realizes that her sister is a shoplifter.','2008-03-09'),('83260b357055283208bf5978182c2400','c35e9fb84a1d0f8f40842ab94559eb00',9,'Coffee, Black',NULL,'Russ learns Agent Petty\'s true identity and makes plans to murder, steal and flee. Wendy stumbles on an ideal business to add to the Byrde portfolio.',NULL),('c1ce9516f6bd3a58609d8fba23f661ca','c39e57e3557616d9c617ddf1df02f4e3',5,'Chapter Five: The Flea and the Acrobat',NULL,'Hopper breaks into the lab to find the truth about Will\'s death. The boys try to locate the \"gate\" that will take them to Will.',NULL),('08728cb33e50d52cf2114169b21cc549','c415b694fe9f139d5cc23df7c7c970c7',2,'Call Me Mabel',NULL,'Mabel is looking for some summer romance! Any takers? Anyone? No seriously, anyone...',NULL),('b5cf5d04f5a38f353be00abe9a206d94','c464a9e77957292dcacf060a2077185a',6,'Crazy Handful of Nothin\'',NULL,'With the side effects and cost of his treatment mounting, Walt demands that Jesse finds a wholesaler to buy their drugs - which lands him in trouble.','2008-03-02'),('6238ad82ad12b470d01bb33d0cf0640d','c52a3c1ca644ea1babcbf69fc3818004',1,'The Name of the Game',NULL,'When a Supe kills the love of his life, A/V salesman Hughie Campbell teams up with Billy Butcher, a vigilante hell-bent on punishing corrupt Supes -- and Hughie\'s life will never be the same again.',NULL),('566e97f614b0f7b199b49d683db70b4f','c5815410254080770c7c3860afbab806',7,'You Will Cry Tears of Blood',NULL,'Pablo goes into hiding as the political tide turns against him, but he finds a way to strike back. Murphy and Peña finally get the CIA to help them.',NULL),('840667b03aff464c64f8f35024f0a38e','c5fe9ec2c1827fda8c1455dc5e9ea16a',1,'USS Callister',NULL,'Capt. Robert Daly presides over his crew with wisdom and courage. But a new recruit will soon discover nothing on this spaceship is what it seems.',NULL),('864b6575289716760a6f745ce5ba6a4e','c65cbdc2e3d6b97067bfd58f11144546',7,'Voleth Meir',NULL,'Geralt turns to a humble bard for help, Yennifer realizes just how special Ciri is, and tensions rise on the eve of Emperor Emhyr\'s visit to Cintra.',NULL),('009f95053725376a106448e59d30269c','c7b9d54a25ba3fbd4d10e903ff6be7de',5,'Cowboys and Dreamers',NULL,'The reason for Beth and Jamie\'s toxic relationship is revealed. Kayce bends the rules to help a family in need. Rip and the boys get into a confrontation with two men from John\'s past.',NULL),('c999419dd22bb58f245fb8bcba667094','c7e237a8c7058247c9ade911e3664eae',6,'Episode 6',NULL,'',NULL),('f4f85aab91a864f522aeacd325954faa','c905d5677330a37b6d0a8a6854b3d377',8,'No Kindness for the Coward',NULL,'Tensions escalate with the protestors, but Beth has a plan; Jimmy and Emily get closer; Monica and Kayce share a special moment.',NULL),('7fe2b63727cb33ea372831821b418edd','c955a3bb1aca36fc9d2607d9b51ff245',3,'Barbary Coast',NULL,'Tonight at 9/8C on Vought Plus, it\'s the season finale of #AmericanHero. Three contestants remain, but only TWO will join #TheSeven. Will Starlight choose her old flame Supersonic? Or will someone else be moving into the Seven Tower?',NULL),('958c6bd787a266c1065b1cab2bd7b9aa','c9f3b6155f20b56a7789fd7db4755d13',5,'The Enemies of My Enemy',NULL,'The Search Bloc gets a new leader. Javier loses faith in the system. Pablo brings Tata\'s brother Carlos down from Miami to cheer her up.',NULL),('b5cf5d04f5a38f353be00abe9a206d94','cb0268c40631a3d863bec37b3cf1c5fc',4,'Cancer Man',NULL,'Walt tells the rest of his family about his cancer. Jesse tries to make amends with his own parents.','2008-02-17'),('c999419dd22bb58f245fb8bcba667094','cb364460f70ed7574381829938cce044',3,'Episode 3',NULL,'Cassian\'s desperation to avoid arrest leads him to a mysterious man with unknown connections.',NULL),('19267ea05f74a9e632c663dd9dc7a490','cb41237cf814c8838d592f5e68c39ef1',9,'Parent Trap',NULL,'Coach Korn navigates unexpected personal situations as his team prepares for the big tournament.',NULL),('00b429172a43822281f1e902b292924e','cb44d1cb4d5e1f29b6705288a3e0ddd3',4,'Dangerous',NULL,'In a daring cat and mouse chase, will Tommy be outwitted by his enemies? And with the return of an old friend, Tommy tries to distract himself with other pursuits.',NULL),('c25d88acc0a04d27318f4bf425f9619e','cbd65a450a43663c01f4e071666106fb',7,'The Trials and Tribulations of Trying to Pee While Depressed',NULL,'Rue falls into a depressive episode and binge-watches 22 episodes of a British reality show; Jules visits an old friend; Cassie looks for advice to help her deal with the fallout of Halloween night.',NULL),('9f46394252e21a14fcfacf1d5fce8c5b','cbfed807ca8e164168ce2e870607bb27',7,'This Is Happening',NULL,'A trip to St. Augustine reveals more about Jim\'s past. Stede leads Blackbeard on an adventure.',NULL),('6288f49e4b1e678048a821e18b51ca23','cd219f45762c2c1b0b82c3393cdc1221',5,'The House of Special Purpose',NULL,'Nikki and Ray\'s retaliation has consequences for Emmit; Gloria and Winnie start connecting the dots.',NULL),('83260b357055283208bf5978182c2400','cd641f65b57a832f585480913b578a72',8,'Kaleidoscope',NULL,'In a flashback to 10 years prior, Wendy struggles with depression, Del asks Marty to be his financial advisor, and Agent Petty faces a family crisis.',NULL),('c91cf3f2f7d00f77450b4dd2b5fb3c6b','cdf8295a7841a9952fc83d55856b3e98',6,'Sunset',NULL,'Heisenberg\'s organized and practical assistant Gale greatly aids his work in Gus\'s lab. Hank finally tracks the RV back to Jesse, as a concerned Walt finds any way to erase the evidence.',NULL),('7c707671b4d78ee52845e4f99ed2451d','ce0197a08c6410413d4af7f0bc959092',16,'Felina',NULL,'Walter White makes one last attempt to secure his family\'s future, while also visiting some old enemies, during his final return to Albuquerque.',NULL),('c4c9fcd5c34aeccfa6c9a847d9c8f179','ce2cb3f030ad0074bb3c91a94412358b',7,'Chapter Seven: The Massacre at Hawkins Lab',NULL,'As Hopper braces to battle a monster, Dustin dissects Vecna\'s motives -- and decodes a message from beyond. El finds strength in a distant memory.',NULL),('ba6929a18653f4f28071a40ac01bb12b','cf34b8f2868ef3835a8a0c8970be28b6',8,'Finding Frances',NULL,'Nathan attempts to help a Bill Gates impersonator reunite with his long-lost love.',NULL),('487b0f546e89568b8868b9392b12c8fa','cfb42efb31863181c394e731fcce40a4',4,'Stag',NULL,'The FBI sends out a second lure. Charlotte slips up while chatting with Wyatt. The Byrdes grow wary of Rachel, who deflects suspicion onto someone else.',NULL),('19267ea05f74a9e632c663dd9dc7a490','cfff1d6cf38ab50405409c34034d6552',4,'17 Candles',NULL,'Coach Korn tries to plan the perfect day for Emma on her 17th birthday.',NULL),('f13fa9d7506235f6160792767834cf4a','d08303044f19676cce8d2f0e46e8f2ba',6,'Hotel/Travel Agent',NULL,'A hotel tries to appeal to sexually active parents, a travel agent finds out how profit from her elderly customers, and Nathan shares his solution for never being late.',NULL),('b5cf5d04f5a38f353be00abe9a206d94','d2360e52bccb9438c548b40eed41923c',1,'Pilot',NULL,'Diagnosed with terminal lung cancer, chemistry teacher Walter White teams up with former student Jesse Pinkman to cook and sell crystal meth.','2008-01-20'),('b3c9a42f45391bf6dd68037c00cdbad5','d23ddafde4f5b9ad430d559a0508fabb',3,'Episode 3',NULL,'After joining London crime boss Alfie Solomons in a business venture, Tommy worries that Alfie\'s newly revealed volatility could pose a problem.',NULL),('19267ea05f74a9e632c663dd9dc7a490','d29063ba54320700d5522ce68e3115f4',2,'BOYS!',NULL,'Westbrook becomes co-ed, causing a ripple effect for Coach Korn and the Westbrook girls.',NULL),('c25d88acc0a04d27318f4bf425f9619e','d2d068514bc40c7f6faf3fb545252045',1,'Pilot',NULL,'Rue returns home from rehab and meets Jules; Nate and Maddy attempt to make each other jealous; Kat is pressured to lose something.',NULL),('63be694c9ba440df0c2cdd41e5822c01','d2dde3c7d063784047ffb1089ab04d66',2,'Smithereens',NULL,'A cab driver with an agenda becomes the centre of attention on a day that rapidly spirals out of control.',NULL),('fc7791b9faed8d32191f9d6028dfce1a','d34571db964532a750109b3669e9426a',6,'Lock and Key',NULL,'As the clouds of the coming storm gather, Tommy Shelby faces the consequences of his experiences and his actions',NULL),('487b0f546e89568b8868b9392b12c8fa','d34c98f29aae6801ea475d0d30676c9b',7,'One Way Out',NULL,'Mason goes off the deep end and focuses his rage on the Byrdes. Ruth tries to make her dad proud during a boat-part heist.',NULL),('39fd70e7880c97d1d311085a9979f935','d491bcf0d523e20e285591f41891b9ae',3,'Raddoppiarlo',NULL,'Deafy and Odis join forces, Josto seeks revenge, Oraetta finds new employment, Gaetano makes a move, and Zelmare and Swanee help the Smutneys with their debt.',NULL),('840667b03aff464c64f8f35024f0a38e','d4ee2db6df1fb3eaea736067ca18941e',2,'Arkangel',NULL,'After nearly losing her daughter, a mother invests in a new technology that allows her to keep track of her.',NULL),('07a0418dfd5c8288771cd59f76b18479','d4efa83611a556959ea8db8f1cd204ee',2,'Mountains',NULL,'The wildlife documentary series with David Attenborough continues with a unique and intimate glimpse into secretive lives of mountain-dwelling animals.',NULL),('c91cf3f2f7d00f77450b4dd2b5fb3c6b','d50645abd08839b5c1d3d2f07ad1b9ad',5,'Más',NULL,'Gus tries to get Walt back in the business by offering him three million dollars and a brand new lab. Jesse is furious that Walt received half of the money for his blue meth. Hank tries to track down the RV meth lab.',NULL),('156ee6a11b28bd61e1071fa9217caa1e','d544860b933950da68ab8089121b3845',1,'The National Anthem',NULL,'Prime Minister Michael Callow faces a shocking dilemma when Princess Susannah, a much-loved member of the Royal Family, is kidnapped.',NULL),('654dbd1b78544d038c533390fa91caca','d57adde9d4daf7db9036bd6d976b8b95',8,'Behind Us Only Grey',NULL,'John and Rip seek revenge; Monica ponders the consequences of her living situation on the ranch; Jimmy clears old debts.',NULL),('e2ac8ed4d6497359255904150147a1be','d86ee4db83d333a09478984d8da3d4dc',2,'The Marvyn Korn Effect',NULL,'Marvyn\'s attempt to amp up the girls\' practice regimen put him at odds with Westbrook\'s faculty.',NULL),('6288f49e4b1e678048a821e18b51ca23','d895b2c6155f980f370b3d5f7396ce0e',4,'The Narrow Escape Problem',NULL,'Emmit and Sy try to sort things out; Nikki and Ray track down some collateral; Gloria learns more about Maurice.',NULL),('f1646747551e0f7d91a641448aefd117','da20094784e2704ebfc71286ae7b7857',4,'Bullet Points',NULL,'As Skyler concocts an elaborate story to explain the Whites\' finances, a worried Walt discovers that Hank has begun a new investigation.',NULL),('566e97f614b0f7b199b49d683db70b4f','da53c228f191140ad47e35d120a26f76',1,'Descenso',NULL,'Chilean drug chemist Cockroach brings his product to Colombian smuggler Pablo Escobar. DEA agent Steve Murphy joins the war on drugs in Bogota.',NULL),('b5cf5d04f5a38f353be00abe9a206d94','da7ac0d8fb7d6ecc1e8225a5c59e5839',5,'Gray Matter',NULL,'Walt rejects everyone who tries to help him with the cancer. Jesse tries his best to create Walt\'s meth, with the help of an old friend.','2008-02-24'),('19267ea05f74a9e632c663dd9dc7a490','daabf4e5eacb34dc0ebc3e30839002e8',3,'Tipoff',NULL,'The beginning of basketball season brings unexpected challenges for Coach Korn and Coach Barrett.',NULL),('f1646747551e0f7d91a641448aefd117','dab22a3c86d1bc177bc3ae657bec1a79',3,'Open House',NULL,'While Walt worries about Gus\'s interference and Jesse\'s increasingly fragile state of mind, Skyler steps up the pressure to get what she wants.',NULL),('c9bb9c73b7af5b6092c4b01a1d1e5747','dad692ddeb941420af5992385f3a78c1',2,'Like A Boy',NULL,'With his newly enhanced body, David heads to the Academy seeking revenge on his bully. Later, he meets a mysterious woman who wants to recruit him.',NULL),('c999419dd22bb58f245fb8bcba667094','db03174752248704b25a738ae84d420c',5,'Episode 5',NULL,'',NULL),('c25d88acc0a04d27318f4bf425f9619e','dbc4fd90b81e11e917983e4f10dbab95',4,'Shook Ones Pt II',NULL,'Rue, trying to get clean for Jules, chaperones Gia at the carnival; Kat misreads a situation; Jules encounters Cal; Nate reveals who he really is.',NULL),('08728cb33e50d52cf2114169b21cc549','dc80fb169f13a1dca9584902018046c5',1,'Queen of Nice',NULL,'Tilly Green doesn\'t want to be the Queen of Mean, but instead wants to be the Queen of Nice!',NULL),('bc2eecc49090d5ad6e79ba33992819ba','dcfeac5592cc9db0ac4b74b1f0420c1a',10,'Points',NULL,'As the Germans surrender, it appears that the hard days for Easy Company are over when they are stationed in Austria. However, they soon learn that those soldiers without enough service points will be sent to fight in Japan.',NULL),('c999419dd22bb58f245fb8bcba667094','ddfbee9d12b3b48e5666db57097d5b81',1,'Episode 1',NULL,'Cassian Andor\'s reckless search for answers about his past makes him a wanted man.',NULL),('a5de20457d8264ee24cafeb01f951b71','dfc7e7b10f733a9cd4c4893a2d13ec22',4,'Boss Fight',NULL,'As Wendy, Helen and Ruth strive to keep the business humming, Navarro plays mind games with Marty, who worries he\'ll never see his family again.',NULL),('b6f011caf4141f05b8e7d29814348732','e02b83a4a99e1d3d60ad1449bfea5281',6,'Rare Species',NULL,'A mysterious man tries to entice Geralt to join a hunt for a rampaging dragon, a quest that attracts a familiar face. Ciri questions who she can trust.',NULL),('b6f011caf4141f05b8e7d29814348732','e03c8c6505515b3d701fef026d5821c5',1,'The End\'s Beginning',NULL,'Hostile townsfolk and a cunning mage greet Geralt in the town of Blaviken. Ciri finds her royal world upended when Nilfgaard sets its sights on Cintra.',NULL),('8306799d1deead7f0e0505118a8d861f','e06f2126ad65ae6eff34503e869c237e',1,'Yogurt Shop/Pizzeria',NULL,'Nathan gets buzz for a yogurt shop by creating a controversial flavor. He also devises a scheme for 8-minute pizza delivery.',NULL),('8306799d1deead7f0e0505118a8d861f','e0e432a213edb428386e7099a7a26f85',2,'Santa/Petting Zoo',NULL,'Nathan discovers the professional Santa he\'s helping has a dark secret and his attempt to market a petting zoo has unexpected results. Also, a teen is caught doing graffiti.',NULL),('7c707671b4d78ee52845e4f99ed2451d','e0e7868aaf72e40b2e3852e20d92452c',3,'Hazard Pay',NULL,'The guys put a business plan into action; Walt confesses to Marie.',NULL),('4f9a710a1cff57ba5c0990658f9b0be7','e0e92d423cfa7d121e26615dce2ed1be',4,'Eating the Blame',NULL,'When Gus tries to right a wrong, Malvo embraces his alter ego. Lester finds himself in a surprising situation, and Molly uncovers a promising lead.',NULL),('958c6bd787a266c1065b1cab2bd7b9aa','e22d3da4f504aed89b4f61eca58ce9ac',4,'The Good, the Bad, and the Dead',NULL,'The Cali cartel discusses moving in on Pablo\'s territory. Limón proposes a plan to Maritza. Tata gets a gun for protection.',NULL),('00b429172a43822281f1e902b292924e','e242c54fa620407e8f0432bcad867f98',2,'Heathens',NULL,'As the Shelbys come to terms with shocking events, Tommy makes a decision he may come to regret. Meanwhile, a bold new enemy makes his move.',NULL),('04aea369458f234ff90282a5d44b02aa','e2b12c590a61fdbd1cb797dcffab70dd',7,'Butcher, Baker, Candlestick Maker',NULL,'To help Victoria Neuman make a case against Vought, Mallory and The Boys look to an unlikely source for answers. Hughie gets terrifying news about Starlight. Meanwhile, Homelander and Stormfront further their master plan for Compound V.',NULL),('c9bb9c73b7af5b6092c4b01a1d1e5747','e39a9f1c8f73fac87e85e62908232e8e',9,'Humanity',NULL,'Lucy\'s captors learn about her secret mission and dark past. David and his team head out to complete Faraday\'s job but realize that something is off.',NULL),('b6f011caf4141f05b8e7d29814348732','e3d2de96317da62861229369330ab9b3',8,'Much More',NULL,'A terrifying pack of foes lays Geralt low. Yennefer and her fellow mages prepare to fight back. A shaken Ciri depends on the kindness of a stranger.',NULL),('f85f6b899d33bf709ff00c36e919a23c','e42f9e859d7df5c3168de1c77189278d',8,'Change on the Fly',NULL,'With the State Tournament on the horizon, Alex realizes she likes winning more than she thought.',NULL),('f1646747551e0f7d91a641448aefd117','e44ecee52c81e7343e1fde88df38ef21',2,'Thirty-Eight Snub',NULL,'Walt attempts to form a new alliance as he plans his next move. Meanwhile Skyler pushes Walt towards a business opportunity, in hopes of protecting the family.',NULL),('854212de47a60a6be3fd2d69e50af097','e4610248ac364ef263c6f65f34856e4e',7,'Chapter Seven: The Bite',NULL,'With time running out - and an assassin close behind - Hopper\'s crew races back to Hawkins, where El and the kids are preparing for war.',NULL),('156ee6a11b28bd61e1071fa9217caa1e','e4d9a42b25daa6419fd75638a50876bd',3,'The Entire History of You',NULL,'In the near future, everyone has access to a memory implant that records everything they do, see and hear. You need never forget a face again - but is that always a good thing?',NULL),('f4f85aab91a864f522aeacd325954faa','e5422c86df7839e0694b552239fee9a2',10,'Grass on the Streets and Weeds on the Rooftops',NULL,'To the Duttons, family is everything; however, newfound truths threaten that bond. Jimmy comes home and has important decisions to make. Beth takes family matters into her own hands.',NULL),('bf76833270b962848eb653306a985457','e5a6cdd8ad2f2b62c450994adce1c1fc',5,'Episode 5',NULL,'Unable to convince Yohan to take the new route, Ingu improvises by coming up with a solution of his own. David Julio Park prepares a handoff.',NULL),('68ab79f804bcd3623fb9a784e8b0cfa4','e5ec289540c78e4928d5244adfe81c55',5,'The Mating Game',NULL,'Life deploys hidden super-skills to find, seduce and even kill for a mate.',NULL),('6238ad82ad12b470d01bb33d0cf0640d','e60219693aa594dfc8fee5a2f69209c9',8,'You Found Me',NULL,'Season Finale Time! Questions answered! Secrets revealed! Conflicts... conflicted! Characters exploded! And so much more!',NULL),('7c707671b4d78ee52845e4f99ed2451d','e70bcb91a9867188a4ea26806fa89b26',9,'Blood Money',NULL,'Walt is out of the meth business and trying to move on with his life. Jesse tries to get rid of his money. Hank now knows that Walt is the famous Heisenberg.',NULL),('958c6bd787a266c1065b1cab2bd7b9aa','e7ec96fd6d8f0e3f13f15a2ae89474b3',8,'Exit El Patrón',NULL,'Colombia begins to turn on Escobar after his latest terrorist attack. Tata receives help from an unlikely ally. Quica gets increasingly anxious.',NULL),('04aea369458f234ff90282a5d44b02aa','e871cd06719a493f75a81f14f145bd79',3,'Over the Hill with the Swords of a Thousand Men',NULL,'The Boys take to the high seas to safeguard their prisoner. Homelander plays house, then pushes Ryan over the edge. Starlight is forced to make an impossible choice. Stormfront reveals her true character.',NULL),('1fb0aac48948321f45cb5eaf2396c34c','e8ab2a1504ad4994ad1f8ad620adaebf',9,'4 Days Out',NULL,'Walt and Jesse become stranded out in the middle of the desert after cooking more crystal.',NULL),('487b0f546e89568b8868b9392b12c8fa','e90a61ea2e032d10b466a9ff5da3f1cc',9,'The Badger',NULL,'Marty finds a way around the Snells. Charlotte hires a lawyer. The Byrdes get a meeting with the gaming commission, whose approval comes with a big ask.',NULL),('19267ea05f74a9e632c663dd9dc7a490','ea9bb8dfdfb28bc04b62da2b80f6643d',5,'Field Day',NULL,'As Westbrook\'s field day approaches, Coach Korn wrestles with the importance of consequences.',NULL),('654dbd1b78544d038c533390fa91caca','eaec7196048fe6ccd7ff3a268602eb6c',3,'The Reek of Desperation',NULL,'New powerful enemies look to block Rainwater and Jenkins\' plans for a big business deal; John and Beth groom a new political candidate.',NULL),('f1646747551e0f7d91a641448aefd117','eb6246c0b5316e99c81bb4a2cf20dca1',6,'Cornered',NULL,'Skyler adopts an aloof approach when she suspects that Walt isn\'t telling her the truth. Meanwhile, Jesse proves his worth to Mike and Gus.',NULL),('bcb1698c4ad595eabff5c9662b05c401','eb6520922f8033b8bdbc02b6aa049b8d',5,'The Gift of the Magi',NULL,'Floyd takes action and Charlie tries to prove himself; Peggy and Ed disagree about what to do next; Lou finds himself sidelined during Ronald Reagan\'s campaign tour.',NULL),('840667b03aff464c64f8f35024f0a38e','ebb89e6a0dba0c5bfd8ea414766e7bb1',5,'Metalhead',NULL,'In the post-apocalyptic landscape of the Scottish Moors, a woman attempts to survive the land full of \"dogs.\"',NULL),('4f9a710a1cff57ba5c0990658f9b0be7','ebd5ec24d48f848700f0b8a18382d371',6,'Buridan\'s Ass',NULL,'Malvo executes his master plan, while Lester attempts to craft one of his own. Gus and Molly team up in Duluth.',NULL),('854212de47a60a6be3fd2d69e50af097','ec55d6c04a1939abad38dffc12addd00',6,'Chapter Six: E Pluribus Unum',NULL,'Dr. Alexei reveals what the Russians have been building, and Eleven sees where Billy has been. Dustin and Erica stage a daring rescue.',NULL),('8306799d1deead7f0e0505118a8d861f','eceabaf3f1a9bbd23e17748a813d0b4c',6,'Funeral Home/Burger Joint/Skydiving',NULL,'Nathan helps a struggling funeral home, a burger joint is forced to stand by its claim that it has the best burger in Los Angeles, and Nathan goes skydiving.',NULL),('566e97f614b0f7b199b49d683db70b4f','ed3acdbb7631fbbc5124da577c35797c',9,'La Catedral',NULL,'The hunt for Pablo seems to be over after he makes a deal with the government, but Murphy and Peña - and the Cali Cartel - have other plans.',NULL),('bf76833270b962848eb653306a985457','ede84ff8edeee7485d9cd8641b6d016c',4,'Episode 4',NULL,'A conflict at the border shifts the dynamics within Yohan\'s inner circle. Sangman proposes a different route to Korea.',NULL),('5815d1e65566e71e538f3a13dd26044e','ee29179978bd10cd714c4fac507e38be',8,'Convivir',NULL,'David seeks revenge on behalf of his father and puts Enrique in danger. Peña asks Don Berna for help on a rescue mission.',NULL),('eeb2756a3a939197c08f0289046fb8b4','ee4eb8d602cd98427f1f265afddfbbcb',1,'Mechanic; Realtor',NULL,'Nathan convinces a mechanic to verify his estimates with a polygraph test, and rebrands a realtor to sell only ghost-free homes.',NULL),('bc2eecc49090d5ad6e79ba33992819ba','ef5c36991eb749262d403c63c8e5cebb',8,'The Last Patrol',NULL,'Easy Company is in Hagenau in Feburary 1945, where they prepare for a night patrol mission to capture German prisoners. The patrol includes one veteran who is despised for missing Bastogne and a new lieutenant fresh out of West Point.',NULL),('83260b357055283208bf5978182c2400','f0bf3fc137a403c47167dbfc015a2320',4,'Tonight We Improvise',NULL,'Marty hires Ruth to pull off a heist. Agent Petty forges a relationship with a member of the Langmore family. Jonah exhibits disturbing behavior.',NULL),('c4c9fcd5c34aeccfa6c9a847d9c8f179','f0c814fcd2ce687f5c8aa2a8dac46474',4,'Chapter Four: Dear Billy',NULL,'Max is in grave danger - and running out of time. A patient at Pennhurst asylum has visitors. Elsewhere, in Russia, Hopper is hard at work.',NULL),('ba6929a18653f4f28071a40ac01bb12b','f14b6eb59b1a36798bd274d9aa97fa39',4,'Andy vs. Uber',NULL,'Nathan teams up with a struggling taxi driver to take down Uber.',NULL),('c4c9fcd5c34aeccfa6c9a847d9c8f179','f21ba1e083e483690239246b7f1ba522',5,'Chapter Five: The Nina Project',NULL,'Owens takes El to Nevada, where she\'s forced to confront her past, while the Hawkins kids comb a crumbling house for clues. Vecna claims another victim.',NULL),('f85f6b899d33bf709ff00c36e919a23c','f28d5af3e63e74b46d468ae915c956d2',10,'State of Play',NULL,'The Don\'t Bothers are forced to choose what\'s really important, as they face the Ducks at States.',NULL),('566e97f614b0f7b199b49d683db70b4f','f2a1ad91eae05a1e71d9466e5a12d02c',8,'La Gran Mentira',NULL,'A tragic mistake forces the government to change tactics in the fight against Pablo. But Pablo faces bigger threats from inside his empire.',NULL),('08728cb33e50d52cf2114169b21cc549','f3dbd2087ee97aef2574582ded0cb572',4,'Where Are All the Monsters?',NULL,'Cricket is stuck at home for Halloween with a new Broken Karaoke cover.',NULL),('39fd70e7880c97d1d311085a9979f935','f482d4c52d5e498a1e12cf0de7496578',2,'The Land of Taking and Killing',NULL,'The Smutnys receive unexpected guests, Josto and Gaetano reunite, Loy challenges the status quo, and Oraetta is caught.',NULL),('bcb1698c4ad595eabff5c9662b05c401','f486c014e6a21790b37e474f193a1021',6,'Rhinoceros',NULL,'With Ed and Charlie in custody, the Gerhardts arrive at the police station, forcing Lou and Hank to try and prevent any more bloodshed.',NULL),('04aea369458f234ff90282a5d44b02aa','f4df0997a3e6a78a4b41422a77aea8ed',5,'We Gotta Go Now',NULL,'Butcher has no more intentions to fight with Supes but Black Noir traced his location and found him: what will he do now? Supes are shooting a film named - #Dawn Of The Seven. Homelander is doing what Stormfront told him to do.',NULL),('83260b357055283208bf5978182c2400','f502effcc72cf2068eda5715a6df139d',1,'Sugarwood',NULL,'After his business partner cheats a dangerous client, financial adviser Marty must devise a radical plan to save the lives of himself and his family.',NULL),('009f95053725376a106448e59d30269c','f5a58c18c84cc51dc6cdcaea7a430204',6,'All for Nothing',NULL,'Beth reveals a secret to her father; John confronts two cowboys about old feuds; a search gets underway on the reservation.',NULL),('0539233281207ccb85774270be7723e8','f64436d5943d124fe65ffbc2f1b01e65',1,'Trying to Get to Heaven Before They Close the Door',NULL,'Rue and Jules cross paths for the first time since Christmas as East Highland rings in the new year.',NULL),('39fd70e7880c97d1d311085a9979f935','f66f22df518a5b0a31abfd09cf509454',4,'The Pretend War',NULL,'Loy retaliates, Josto asserts his leadership, Ethelrida makes a disturbing discovery, and the walls begin to close in on Odis.',NULL),('864b6575289716760a6f745ce5ba6a4e','f756bead38440b25bb1ee279ea3623e0',6,'Dear Friend...',NULL,'A close friend is lost - and another found - as Geralt helps Ciri learn more about her power. Cahir warns Fringilla to focus on their primary mission.',NULL),('1fd7fce069b3d48994b672c87f5e19ac','f77bc249e2eebc33674ccfba657182ce',3,'Coach Classic',NULL,'The annual Coach Classic, where coaches take the ice against kids, leads to big drama at EPIC.',NULL),('b6f011caf4141f05b8e7d29814348732','f7a2598f6812dd246a3aebb013741732',4,'Of Banquets, Bastards and Burials',NULL,'Against his better judgment, Geralt accompanies Jaskier to a royal ball. Ciri wanders into an enchanted forest. Yennefer tries to protect her charges.',NULL),('854212de47a60a6be3fd2d69e50af097','f8b92e9ff6ba3d73de661563c42c1e06',3,'Chapter Three: The Case of the Missing Lifeguard',NULL,'With El and Max looking for Billy, Will declares a day without girls. Steve and Dustin go on a stakeout, and Joyce and Hopper return to Hawkins Lab.',NULL),('25161b9cae1d307efba2beeb35ee793c','f91c57c0a649865fae319a6a485013cd',8,'The Dawning',NULL,'Suzanne follows Mae to the Amontown compound, where the Dodd family and their followers prepare for a deadly ritual. The Mathises seek a fresh start.',NULL),('c4c9fcd5c34aeccfa6c9a847d9c8f179','f92e6d59a04ac3d9bc340277a5ac58b2',3,'Chapter Three: The Monster and the Superhero',NULL,'Murray and Joyce fly to Alaska, and El faces serious consequences. Robin and Nancy dig up dirt on Hawkins\' demons. Dr. Owens delivers sobering news.',NULL),('07a0418dfd5c8288771cd59f76b18479','f9def99585d26e1bafc7bcb3083f1157',4,'Deserts',NULL,'The world\'s deserts force animals to come up with ingenious ways of coping with hostile conditions, giving rise to the most incredible survival stories on earth.',NULL),('e2ac8ed4d6497359255904150147a1be','fa8d29cd57fa271f7ead8b420c554e5d',5,'This Is Our House',NULL,'Louise\'s dad is arrested. Louise and Olive get caught cheating on a test. Marvyn starts dating again.',NULL),('68ab79f804bcd3623fb9a784e8b0cfa4','fb2df2558ed58e987fbe8924c8ec42b8',1,'Strange Relations',NULL,'Discover how animals use secret powers to form unexpected alliances.',NULL),('e2ac8ed4d6497359255904150147a1be','fb453acb2f472dc0e580a49f05338643',1,'Pilot',NULL,'After being ousted from NCAA, a men\'s basketball coach takes a job at an elite private high school.',NULL),('c1ce9516f6bd3a58609d8fba23f661ca','fb8186825a4b9416ec37d2e7dcc80ba5',8,'Chapter Eight: The Upside Down',NULL,'Joyce and Hopper are taken in for questioning. Nancy and Jonathan prepare to fight the monster and save Will.',NULL),('39f97d525dd13b2711a1bbabbb2c42d8','fbf674663222b6e81dc812357b80eea0',7,'Sanctified',NULL,'The FBI\'s long-awaited meeting with Omar takes place. Wyatt shares some news with Ruth. Feeling betrayed, Javi gets aggressive.',NULL),('c91cf3f2f7d00f77450b4dd2b5fb3c6b','fbf9cd58ff6f92680f3619f62c89c9f9',12,'Half Measures',NULL,'Against Walt\'s advice, Jesse lashes out. Fearing for Jesse\'s safety, Walt takes drastic action to intervene. Meanwhile a tragic event leads to a shocking confrontation.',NULL),('39fd70e7880c97d1d311085a9979f935','fc49240e0b4ac4750c79a7951d9b5f38',1,'Welcome to the Alternate Economy',NULL,'The head of an African American crime syndicate goes to war with the Italian mafia in Kansas City, Missouri during the 1950s.',NULL),('8306799d1deead7f0e0505118a8d861f','fc678a5e1559f685995cdd784fcac38d',5,'Haunted House/The Hunk',NULL,'Nathan tries to help a struggling haunted house. He also attempts to overcome his fear of the opposite sex by dating ten women at once.',NULL),('f1646747551e0f7d91a641448aefd117','fc9848efb626e6625bdc486d6319b6fe',7,'Problem Dog',NULL,'Skyler looks to continue her family\'s trend of appearing poverty-stricken by forcing Walt to return the car he bought. A concerned Walt chauffeurs Hank to Los Pollos Hermanos, and the articulate yet immobile DEA agent collects prints.',NULL),('39f97d525dd13b2711a1bbabbb2c42d8','fe719ba79e489d7a83aa57fa5378eb65',1,'The Beginning of the End',NULL,'Marty and Wendy wrestle with a problematic offer. Ruth goes out on her own, Jonah rebels, and Omar\'s nephew makes his presence known.',NULL),('0539233281207ccb85774270be7723e8','ff23620dc0b2d96ce66781a990f3ba8f',8,'All My Life, My Heart Has Yearned for a Thing I Cannot Name',NULL,'Snippets of memory collide with the present and future.',NULL),('39f97d525dd13b2711a1bbabbb2c42d8','ff6f75777e77809d2c15cda807105c27',12,'Trouble the Water',NULL,'Nathan angers Wendy by making Charlotte and Jonah a surprising offer. Ruth tries to erase her own past with an assist from Charles Wilkes.',NULL),('39fd70e7880c97d1d311085a9979f935','ff9f4e1d72d61d7b3e9a9f7d36802306',11,'Storia Americana',NULL,'Josto gets revenge, Oraetta comes clean and Ebal teaches Loy a lesson about business.',NULL),('04aea369458f234ff90282a5d44b02aa','ffc891c8c49b92e97f6f8d731f8b6ba1',1,'The Big Ride',NULL,'With Butcher still missing, Hughie, Mother\'s Milk, Frenchie, and Kimiko are now fugitives, and Homelander and Vought are more powerful than ever. But just as the Boys are about to leave the country, they are pulled back into the fray.',NULL);
/*!40000 ALTER TABLE `episodes` ENABLE KEYS */;
UNLOCK TABLES;

--
-- Table structure for table `images`
--

DROP TABLE IF EXISTS `images`;
/*!40101 SET @saved_cs_client     = @@character_set_client */;
/*!50503 SET character_set_client = utf8mb4 */;
CREATE TABLE `images` (
  `image_id` varchar(64) NOT NULL,
  `filename` varchar(64) DEFAULT NULL,
  `description` varchar(128) DEFAULT NULL,
  `public` tinyint DEFAULT NULL,
  PRIMARY KEY (`image_id`)
) ENGINE=InnoDB DEFAULT CHARSET=utf8mb4 COLLATE=utf8mb4_0900_ai_ci;
/*!40101 SET character_set_client = @saved_cs_client */;

--
-- Dumping data for table `images`
--

LOCK TABLES `images` WRITE;
/*!40000 ALTER TABLE `images` DISABLE KEYS */;
INSERT INTO `images` VALUES ('08479238349c0ad801415616c0c2ad97','08479238349c0ad801415616c0c2ad97.jpeg','rehearsal',1),('19f440913e849163dd259d0ed92f985e','19f440913e849163dd259d0ed92f985e.jpeg','hocus pocus',1),('2846c54656e7098013b5f9e6ba0ff039','2846c54656e7098013b5f9e6ba0ff039.jpeg','cyberpunk edgerunner',1),('2cf39c004d640423f953a22e2b990e16','2cf39c004d640423f953a22e2b990e16.jpeg','parasite',1),('2d31d471f09e2f29f208156327acbeac','2d31d471f09e2f29f208156327acbeac.jpeg','avengers endgame',1),('31667b6aa87801b47e884edee914a19e','31667b6aa87801b47e884edee914a19e.jpeg','dark knight rises',1),('35f334f9a26e74c2f5edfbd06426a264','35f334f9a26e74c2f5edfbd06426a264.jpeg','nathan for you',1),('3948a009c10c272fcc770643e1f28c06','3948a009c10c272fcc770643e1f28c06.jpeg','shawshank',1),('3cd925d70f75c9316babdca26617d610','3cd925d70f75c9316babdca26617d610.jpeg','narcos',1),('3de399bcc30f967de679c92dd96def7e','3de399bcc30f967de679c92dd96def7e.jpeg','mighty ducks game changers',1),('40ee03823bc8c3dab09b38cc91b6e84c','40ee03823bc8c3dab09b38cc91b6e84c.jpeg','breaking bad',1),('45304a77a1b10d3121a8098c7b7e218f','45304a77a1b10d3121a8098c7b7e218f.jpeg','band of brothers',1),('46cbb94d3b08d1a7b33a864b3069dc6d','46cbb94d3b08d1a7b33a864b3069dc6d.jpeg','witcher',1),('50d88b614bf358f2c73cad01ea9d780e','50d88b614bf358f2c73cad01ea9d780e.jpeg','thor love thunder',1),('5e89e80985f93d36812a5250261d6110','5e89e80985f93d36812a5250261d6110.jpeg','champion',1),('5f0c7ac1c91aa833182534d5cd3dcdd1','5f0c7ac1c91aa833182534d5cd3dcdd1.jpeg','father stu',1),('6794309645f1a2fa2efee1992d393922','6794309645f1a2fa2efee1992d393922.jpeg','whiplash',1),('68316122f5484591f68de6c98ea99b40','68316122f5484591f68de6c98ea99b40.jpeg','euphoria',1),('691b9132c92162b4fd37f628e1500c75','691b9132c92162b4fd37f628e1500c75.jpeg','godfather',1),('6943ccca8995b303e252f6f53e0e05ff','6943ccca8995b303e252f6f53e0e05ff.jpeg','narco saints',1),('69b7b05f1472c233d6040da2e780bb65','69b7b05f1472c233d6040da2e780bb65.jpeg','big shots',1),('708bfb53702ccf9e8cf468b8a4ea9203','708bfb53702ccf9e8cf468b8a4ea9203.jpeg','me time',1),('74a65fb7d97f281da40320167a86c0e8','74a65fb7d97f281da40320167a86c0e8.jpeg','our flag means death',1),('75d7a3573375a1a69b1b36908b64bdc7','75d7a3573375a1a69b1b36908b64bdc7.jpeg','dune',1),('789cf3ccc116cb985c52e8156d662a43','789cf3ccc116cb985c52e8156d662a43.jpeg','planet earth',1),('7cc35c99c83e4bc30748b06e4c30d121','7cc35c99c83e4bc30748b06e4c30d121.jpeg','social dilemma',1),('80518286a8f516e7c30a60b43c2dc4f0','80518286a8f516e7c30a60b43c2dc4f0.jpeg','super natural',1),('80ba66d25e0e468f8f0c66fc37a04fb0','80ba66d25e0e468f8f0c66fc37a04fb0.jpeg','morbius',1),('80f6ba8ec2337c63d469719a84137be2','80f6ba8ec2337c63d469719a84137be2.jpeg','darknight',1),('846626b96e29fa7c099ed04435f028e6','846626b96e29fa7c099ed04435f028e6.jpeg','boys',1),('858919e221b223dcbf4d1b4caf328f6e','858919e221b223dcbf4d1b4caf328f6e.jpeg','devil in ohio',1),('8c9bc99e5a9f7635f48ada2e5211d3d0','8c9bc99e5a9f7635f48ada2e5211d3d0.jpeg','andor',1),('9235ed8fd378deb1157ea5b1f8ac0263','9235ed8fd378deb1157ea5b1f8ac0263.jpeg','ozark',1),('94b17b92e6ed1abb5534ea5b56169dd0','94b17b92e6ed1abb5534ea5b56169dd0.jpeg','black swan',1),('9889324c50ac6e71de3ad2416a05cb21','9889324c50ac6e71de3ad2416a05cb21.jpeg','wolf of wall street',1),('a47dd9ae1cc32b4b12b4199de93ad764','a47dd9ae1cc32b4b12b4199de93ad764.jpeg','imperfects',1),('a7f6968dee06043125d3144082bf5792','a7f6968dee06043125d3144082bf5792.jpeg','french dispatch',1),('b856107f206d613d1f7a7997e5770078','b856107f206d613d1f7a7997e5770078.jpeg','this is the end',1),('bcdcb7c55a7b42fee2b510ec70768ff3','bcdcb7c55a7b42fee2b510ec70768ff3.jpeg','soul',1),('bd05c437c7220323136e6f6d9c27b3c6','bd05c437c7220323136e6f6d9c27b3c6.jpeg','yellowstone',1),('c0286cbe65a30718b647fab55e8d75ab','c0286cbe65a30718b647fab55e8d75ab.jpeg','collateral',1),('ccb25265e42a4da0a78dcbe32e694672','ccb25265e42a4da0a78dcbe32e694672.jpeg','fargo',1),('cf8455ea97ae68d4416496573efdc35d','cf8455ea97ae68d4416496573efdc35d.jpeg','peaky blinders',1),('d661ba5ea012888eeb3d9105087da153','d661ba5ea012888eeb3d9105087da153.jpeg','peanuts',1),('d82eec4636d1e4e39e638f14f6c16f2b','d82eec4636d1e4e39e638f14f6c16f2b.jpeg','snow white and the huntsman',1),('d8fa278001375d730d1597a3a77df0bf','d8fa278001375d730d1597a3a77df0bf.jpeg','la la land',1),('da2931baf707bb014a077036bb59a895','da2931baf707bb014a077036bb59a895.jpeg','spies in disguise',1),('dbe9acfd2aa571c29f52307daed8879c','dbe9acfd2aa571c29f52307daed8879c.jpeg','pinocchio',1),('e4c476fe40a6121d62ea299433305990','e4c476fe40a6121d62ea299433305990.jpeg','black mirror',1),('e8462c844a3c3ab8341d4ecf6d6c518f','e8462c844a3c3ab8341d4ecf6d6c518f.jpeg','nightcrawler',1),('ed62bf962cc57d836915bb1b1282a64c','ed62bf962cc57d836915bb1b1282a64c.jpeg','stranger things',1),('f9542076b7a278ea722c32d8d4ee3118','f9542076b7a278ea722c32d8d4ee3118.jpeg','broken karaoke',1),('fae64d545230cebdd7f66180ab327e9d','fae64d545230cebdd7f66180ab327e9d.jpeg','django',1);
/*!40000 ALTER TABLE `images` ENABLE KEYS */;
UNLOCK TABLES;

--
-- Table structure for table `links`
--

DROP TABLE IF EXISTS `links`;
/*!40101 SET @saved_cs_client     = @@character_set_client */;
/*!50503 SET character_set_client = utf8mb4 */;
CREATE TABLE `links` (
  `title_id` varchar(64) NOT NULL,
  `platform` varchar(32) NOT NULL,
  `link` varchar(128) DEFAULT NULL,
  KEY `fk_links_title1_idx` (`title_id`),
  KEY `fk_links_platforms1_idx` (`platform`),
  CONSTRAINT `fk_links_title1` FOREIGN KEY (`title_id`) REFERENCES `titles` (`title_id`)
) ENGINE=InnoDB DEFAULT CHARSET=utf8mb4 COLLATE=utf8mb4_0900_ai_ci;
/*!40101 SET character_set_client = @saved_cs_client */;

--
-- Dumping data for table `links`
--

LOCK TABLES `links` WRITE;
/*!40000 ALTER TABLE `links` DISABLE KEYS */;
INSERT INTO `links` VALUES ('0bbffa8cca43b958b81fdf60ea2a302c','peacock','https://www.peacocktv.com/watch/asset/tv/yellowstone/7034893369976297112'),('10fa17ca9157be44959290f3f892aab6','netflix','https://www.netflix.com/watch/80189685?source=35'),('1a93573058112f572f2eedf660ae3caa','hbo_max','https://play.hbomax.com/series/urn:hbo:series:GYptg9wzmqLevngEAAAAC?action=play'),('1b1416d0e88fd7094199f31b1ab572f9','netflix','https://www.netflix.com/watch/80117552'),('28b43e54887abbe25867a143ffce26e0','netflix','https://www.netflix.com/watch/70143836'),('4a2271444ac00e862396172b7de18bf0','hbo_max','https://play.hbomax.com/series/urn:hbo:series:GVU2bpwOunINJjhsJATsb'),('535459cf2a696dc16eac8c3e26aeed5c','netflix','https://www.netflix.com/watch/80057281'),('902c07b42b7eb3c040f79b9e017127f1','netflix','https://www.netflix.com/watch/80025172'),('9bd62abb31a6d7e289ca91ca96739483','hbo_max','https://play.hbomax.com/series/urn:hbo:series:GYv66ZAweK8MfhgEAAAAI'),('a3c03a6ef7af66b25319abb88b72c9bc','amazon_prime','https://www.amazon.com/gp/video/detail/amzn1.dv.gti.1584489b-d6c4-46ad-95d4-1bf36abf9fe1'),('a6d0850a32f326cae995d9adc391bd8c','hbo_max','https://www.hbomax.com/series/urn:hbo:series:GXKN_xQX5csPDwwEAAABj'),('aaa4b42bb6fd4e984c09a061fbe08fa0','hulu','https://www.hulu.com/series/203cda1b-7919-40fb-ab36-1e45b3ed2a50'),('c4356f11201cd23abfc1d46d196a51e2','netflix','https://www.netflix.com/watch/80002479'),('de724745f88c65fedfc0e01ebba05eab','hulu','https://www.hulu.com/series/1841713d-d10b-4582-bfaa-286d746fa83a'),('de724745f88c65fedfc0e01ebba05eab','hbo_max','https://play.hbomax.com/series/urn:hbo:series:GX3UHzAJKPxmDbAEAAAH-'),('1812e09b727ccd504958b4b45c091b83','hbo_max','https://play.hbomax.com/feature/urn:hbo:feature:GX5NuhwXHx52ywgEAAAEP'),('bb5d6388e2a4f307cb8fc2e3692707b0','hbo_max','https://play.hbomax.com/feature/urn:hbo:feature:GXdkpqAvyDaXCPQEAADdn'),('8b0e961e00257eff16578f78946b2366','hbo_max','https://play.hbomax.com/feature/urn:hbo:feature:GYUjdLgBiJp5otAEAAAAJ'),('119ab2cec8cec6ed8a7d040bc2a0dd9b','hbo_max','https://play.hbomax.com/feature/urn:hbo:feature:GYdhCXgGwFIeXwgEAAAAC'),('61991b02ec71e1cdf129c2e4f41efa37','disney_plus','https://www.disneyplus.com/video/a15dc157-9999-452c-836e-9e1734230d00'),('9836a2d528a43e40eb01b5dccec69dca','netflix','https://www.netflix.com/watch/81254224'),('e3a98247c62c5a051714f796829ecca1','hbo_max','https://play.hbomax.com/feature/urn:hbo:feature:GYfnrfQjGNgDDwwEAAAHl'),('7aedde6f51d7bfcdff7877715f8f16ee','hulu','https://www.hulu.com/watch/dfeeff0a-2c96-4be0-a453-49e238706914'),('2e1a8f340217d8548846726172ce2e7f','amazon_prime','https://www.amazon.com/gp/video/detail/amzn1.dv.gti.aca9f771-4256-ddca-723e-c4f634530a4d'),('ddb3e765c6260ac5ff9fd9cbcf47bfea','hulu','https://www.hulu.com/watch/2fd691a0-f66b-467f-8635-00d7f151f3d4'),('a7c173bdcf0f3c7f33caebd61f76d870','netflix','https://www.netflix.com/watch/70295182'),('a6bbf07cce81c9e41eb25fc173903743','hulu','https://www.hulu.com/watch/0de850bd-a343-4dd7-86c4-c008cdaca86f'),('0d7a0ef03d5014d1842ea41a92933e15','disney_plus','https://www.disneyplus.com/video/aa2c93d5-6e09-4e2b-84ae-9f0773cc0238'),('f3f997a480a6710e8d801e6e451b78ed','netflix','https://www.netflix.com/watch/70213514'),('f3f997a480a6710e8d801e6e451b78ed','hbo_max','https://play.hbomax.com/feature/urn:hbo:feature:GYDQXMgVDW8LDGgEAAAAF'),('bb3e399956149dd5e0ca694a1b3b4c2a','hbo_max','https://play.hbomax.com/series/urn:hbo:series:GYf3LzwJV98JifQEAAAAO'),('c3e35a8936f8019223df2e60833e9534','netflix','https://www.netflix.com/watch/70264888'),('8b6bf6622a9061f7c4df8aeed810ffe8','netflix','https://www.netflix.com/watch/81198933'),('8b47cb4095e9f503230e33eb8d0f9fb2','netflix','https://www.netflix.com/watch/70264796'),('4d56b81a215e7ebc2534bae8944a7905','netflix','https://www.netflix.com/watch/81054853'),('c87a7c28f77ce0f0762547de60612422','netflix','https://www.netflix.com/watch/81029704'),('a95f03ae8dc6d501ee609d230a4b2b8d','netflix','https://www.netflix.com/watch/81582058'),('d0c9733ae9f98e6f34649696c680dd8f','netflix','https://www.netflix.com/watch/70217912'),('d0c9733ae9f98e6f34649696c680dd8f','hulu','https://www.hulu.com/watch/71349040-a984-4997-a60f-65630e5a23a2'),('4cb82b70f31ced7556c6c4c4cfaedbc7','netflix','https://www.netflix.com/watch/81161828'),('42b82dce8195af5a143c94c13dd54d05','netflix','https://www.netflix.com/watch/81343748'),('3468952ada39e019cc4380c04a918190','netflix','https://www.netflix.com/watch/60036246'),('fec05ad7b15ccb92a0b3431882ef2c07','netflix','https://www.netflix.com/watch/81252707'),('352455fa31c714f47b40dd3e38e4fa95','netflix','https://www.netflix.com/watch/81483964'),('b16819923148e9544c96ff72f0ab06f7','disney_plus','https://www.disneyplus.com/series/super-natural/WNBUe232ulJ6'),('41872d24e7ad66153d189007ab7584dd','disney_plus','https://www.disneyplus.com/series/star-wars-andor/3xsQKWG00GL5'),('4a0262cddec9b46668fe64884f429fdc','disney_plus','https://www.disneyplus.com/video/b71453b4-ccde-4ce2-81e6-ff49199007f8'),('2813a97975766c07dd5b1e40e10e1544','disney_plus','https://www.disneyplus.com/video/73920dbf-19f4-4060-9569-89995c6b5db4'),('431bcfb5ee1c2db7eb3ba49aec660837','disney_plus','https://www.disneyplus.com/video/13489515-ae68-4ff8-9564-8b26ea888213'),('2174082db9b8df9524f6874064427fd5','disney_plus','https://www.disneyplus.com/series/the-mighty-ducks-game-changers/2j1XKhp6YtQo'),('2373636dca8f358355a26398e6d8412a','disney_plus','https://www.disneyplus.com/series/big-shot/1mLvxzF5fhXK'),('ebc62ca46b2ca23452ea897fe53112d8','disney_plus','https://www.disneyplus.com/series/broken-karaoke/1vhrUaaTgmt7'),('62466dedf479020be43b80f7fc3f7909','disney_plus','https://www.disneyplus.com/video/483b912b-c441-4a1d-bdde-16a05f98a87e'),('159a8523f8c1c3e63fa1acd571e5e707','disney_plus','https://www.disneyplus.com/video/d48fecce-8aeb-4708-8324-53499a5ccc83');
/*!40000 ALTER TABLE `links` ENABLE KEYS */;
UNLOCK TABLES;

--
-- Table structure for table `lists`
--

DROP TABLE IF EXISTS `lists`;
/*!40101 SET @saved_cs_client     = @@character_set_client */;
/*!50503 SET character_set_client = utf8mb4 */;
CREATE TABLE `lists` (
  `list_id` varchar(16) NOT NULL,
  `name` varchar(128) DEFAULT NULL,
  `updated` bigint DEFAULT NULL,
  PRIMARY KEY (`list_id`)
) ENGINE=InnoDB DEFAULT CHARSET=utf8mb4 COLLATE=utf8mb4_0900_ai_ci;
/*!40101 SET character_set_client = @saved_cs_client */;

--
-- Dumping data for table `lists`
--

LOCK TABLES `lists` WRITE;
/*!40000 ALTER TABLE `lists` DISABLE KEYS */;
INSERT INTO `lists` VALUES ('4bcac230','Popular on HBO Max',1661964744650),('5f5101ec','Popular on Netflix',1661964798082),('6a29f82a','Top Rated on Rotten Tomatoes',1661965738344),('6b701e72','New on Disney+',1665872057494),('742d8529','Top TV Shows',1660799598719),('82928be0','9.0+ on IMDb',1661965631026),('bc165d5f','Top Movies',1661965867154),('db11b0be','New on Netflix',1663561316625);
/*!40000 ALTER TABLE `lists` ENABLE KEYS */;
UNLOCK TABLES;

--
-- Table structure for table `listtitles`
--

DROP TABLE IF EXISTS `listtitles`;
/*!40101 SET @saved_cs_client     = @@character_set_client */;
/*!50503 SET character_set_client = utf8mb4 */;
CREATE TABLE `listtitles` (
  `list_id` varchar(8) NOT NULL,
  `title_id` varchar(64) NOT NULL,
  `ranking` int DEFAULT NULL,
  KEY `fk_listtitles_lists1_idx` (`list_id`),
  KEY `fk_listtitles_title1_idx` (`title_id`),
  CONSTRAINT `fk_listtitles_lists1` FOREIGN KEY (`list_id`) REFERENCES `lists` (`list_id`),
  CONSTRAINT `fk_listtitles_title1` FOREIGN KEY (`title_id`) REFERENCES `titles` (`title_id`)
) ENGINE=InnoDB DEFAULT CHARSET=utf8mb4 COLLATE=utf8mb4_0900_ai_ci;
/*!40101 SET character_set_client = @saved_cs_client */;

--
-- Dumping data for table `listtitles`
--

LOCK TABLES `listtitles` WRITE;
/*!40000 ALTER TABLE `listtitles` DISABLE KEYS */;
INSERT INTO `listtitles` VALUES ('742d8529','0bbffa8cca43b958b81fdf60ea2a302c',1),('742d8529','10fa17ca9157be44959290f3f892aab6',2),('742d8529','1a93573058112f572f2eedf660ae3caa',3),('742d8529','1b1416d0e88fd7094199f31b1ab572f9',4),('742d8529','28b43e54887abbe25867a143ffce26e0',5),('742d8529','535459cf2a696dc16eac8c3e26aeed5c',6),('742d8529','a3c03a6ef7af66b25319abb88b72c9bc',7),('742d8529','a6d0850a32f326cae995d9adc391bd8c',8),('742d8529','aaa4b42bb6fd4e984c09a061fbe08fa0',9),('742d8529','c3e35a8936f8019223df2e60833e9534',10),('4bcac230','1a93573058112f572f2eedf660ae3caa',1),('4bcac230','4a2271444ac00e862396172b7de18bf0',2),('4bcac230','9bd62abb31a6d7e289ca91ca96739483',3),('4bcac230','a6d0850a32f326cae995d9adc391bd8c',4),('4bcac230','de724745f88c65fedfc0e01ebba05eab',5),('4bcac230','1812e09b727ccd504958b4b45c091b83',6),('4bcac230','bb5d6388e2a4f307cb8fc2e3692707b0',7),('4bcac230','8b0e961e00257eff16578f78946b2366',8),('4bcac230','119ab2cec8cec6ed8a7d040bc2a0dd9b',9),('4bcac230','e3a98247c62c5a051714f796829ecca1',10),('4bcac230','f3f997a480a6710e8d801e6e451b78ed',11),('5f5101ec','10fa17ca9157be44959290f3f892aab6',1),('5f5101ec','1b1416d0e88fd7094199f31b1ab572f9',2),('5f5101ec','28b43e54887abbe25867a143ffce26e0',3),('5f5101ec','535459cf2a696dc16eac8c3e26aeed5c',4),('5f5101ec','902c07b42b7eb3c040f79b9e017127f1',5),('5f5101ec','c4356f11201cd23abfc1d46d196a51e2',6),('5f5101ec','9836a2d528a43e40eb01b5dccec69dca',7),('5f5101ec','a7c173bdcf0f3c7f33caebd61f76d870',8),('5f5101ec','f3f997a480a6710e8d801e6e451b78ed',9),('82928be0','28b43e54887abbe25867a143ffce26e0',1),('82928be0','9bd62abb31a6d7e289ca91ca96739483',2),('82928be0','4a2271444ac00e862396172b7de18bf0',3),('82928be0','1812e09b727ccd504958b4b45c091b83',4),('82928be0','38052fd261d5c605fc92e966ad9e2b27',5),('82928be0','1a93573058112f572f2eedf660ae3caa',6),('82928be0','bb5d6388e2a4f307cb8fc2e3692707b0',7),('6a29f82a','9bd62abb31a6d7e289ca91ca96739483',1),('6a29f82a','ddb3e765c6260ac5ff9fd9cbcf47bfea',2),('6a29f82a','de724745f88c65fedfc0e01ebba05eab',3),('6a29f82a','4a2271444ac00e862396172b7de18bf0',4),('6a29f82a','38052fd261d5c605fc92e966ad9e2b27',5),('6a29f82a','28b43e54887abbe25867a143ffce26e0',6),('6a29f82a','a7c173bdcf0f3c7f33caebd61f76d870',7),('6a29f82a','61991b02ec71e1cdf129c2e4f41efa37',8),('6a29f82a','e3a98247c62c5a051714f796829ecca1',9),('6a29f82a','c4356f11201cd23abfc1d46d196a51e2',10),('bc165d5f','0d7a0ef03d5014d1842ea41a92933e15',1),('bc165d5f','119ab2cec8cec6ed8a7d040bc2a0dd9b',2),('bc165d5f','1812e09b727ccd504958b4b45c091b83',3),('bc165d5f','2e1a8f340217d8548846726172ce2e7f',4),('bc165d5f','38052fd261d5c605fc92e966ad9e2b27',5),('bc165d5f','61991b02ec71e1cdf129c2e4f41efa37',6),('bc165d5f','7aedde6f51d7bfcdff7877715f8f16ee',7),('bc165d5f','8b0e961e00257eff16578f78946b2366',8),('bc165d5f','9836a2d528a43e40eb01b5dccec69dca',9),('bc165d5f','a6bbf07cce81c9e41eb25fc173903743',10),('db11b0be','8b6bf6622a9061f7c4df8aeed810ffe8',1),('db11b0be','8b47cb4095e9f503230e33eb8d0f9fb2',2),('db11b0be','4d56b81a215e7ebc2534bae8944a7905',3),('db11b0be','a95f03ae8dc6d501ee609d230a4b2b8d',4),('db11b0be','c87a7c28f77ce0f0762547de60612422',5),('db11b0be','4cb82b70f31ced7556c6c4c4cfaedbc7',6),('db11b0be','42b82dce8195af5a143c94c13dd54d05',7),('db11b0be','3468952ada39e019cc4380c04a918190',8),('db11b0be','d0c9733ae9f98e6f34649696c680dd8f',9),('db11b0be','fec05ad7b15ccb92a0b3431882ef2c07',10),('db11b0be','352455fa31c714f47b40dd3e38e4fa95',11),('6b701e72','2373636dca8f358355a26398e6d8412a',1),('6b701e72','ebc62ca46b2ca23452ea897fe53112d8',2),('6b701e72','b16819923148e9544c96ff72f0ab06f7',3),('6b701e72','62466dedf479020be43b80f7fc3f7909',4),('6b701e72','4a0262cddec9b46668fe64884f429fdc',5),('6b701e72','431bcfb5ee1c2db7eb3ba49aec660837',6),('6b701e72','41872d24e7ad66153d189007ab7584dd',7),('6b701e72','2813a97975766c07dd5b1e40e10e1544',8),('6b701e72','2174082db9b8df9524f6874064427fd5',9),('6b701e72','159a8523f8c1c3e63fa1acd571e5e707',10);
/*!40000 ALTER TABLE `listtitles` ENABLE KEYS */;
UNLOCK TABLES;

--
-- Table structure for table `movielinks`
--

DROP TABLE IF EXISTS `movielinks`;
/*!40101 SET @saved_cs_client     = @@character_set_client */;
/*!50503 SET character_set_client = utf8mb4 */;
CREATE TABLE `movielinks` (
  `title_id` varchar(64) NOT NULL,
  `platform` varchar(32) NOT NULL,
  `country` varchar(8) DEFAULT NULL,
  `timestamp` bigint DEFAULT NULL,
  `available` tinyint DEFAULT NULL,
  KEY `fk_movielinks_title1_idx` (`title_id`),
  CONSTRAINT `fk_movielinks_title1` FOREIGN KEY (`title_id`) REFERENCES `titles` (`title_id`)
) ENGINE=InnoDB DEFAULT CHARSET=utf8mb4 COLLATE=utf8mb4_0900_ai_ci;
/*!40101 SET character_set_client = @saved_cs_client */;

--
-- Dumping data for table `movielinks`
--

LOCK TABLES `movielinks` WRITE;
/*!40000 ALTER TABLE `movielinks` DISABLE KEYS */;
INSERT INTO `movielinks` VALUES ('1812e09b727ccd504958b4b45c091b83','hbo_max','US',1661793154911,1),('bb5d6388e2a4f307cb8fc2e3692707b0','hbo_max','US',1661793690457,1),('8b0e961e00257eff16578f78946b2366','hbo_max','US',1661794024150,1),('119ab2cec8cec6ed8a7d040bc2a0dd9b','hbo_max','US',1661794573783,1),('61991b02ec71e1cdf129c2e4f41efa37','disney_plus','US',1661795129549,1),('9836a2d528a43e40eb01b5dccec69dca','netflix','US',1661796503425,1),('e3a98247c62c5a051714f796829ecca1','hbo_max','US',1661881096190,1),('7aedde6f51d7bfcdff7877715f8f16ee','hulu','US',1661881335062,1),('2e1a8f340217d8548846726172ce2e7f','amazon_prime','US',1661962361462,1),('ddb3e765c6260ac5ff9fd9cbcf47bfea','hulu','US',1661962715783,1),('a7c173bdcf0f3c7f33caebd61f76d870','netflix','US',1661962947620,1),('a6bbf07cce81c9e41eb25fc173903743','hulu','US',1661963160419,1),('0d7a0ef03d5014d1842ea41a92933e15','disney_plus','US',1661963531294,1),('f3f997a480a6710e8d801e6e451b78ed','netflix','US',1661963674239,1),('f3f997a480a6710e8d801e6e451b78ed','hbo_max','US',1661963674239,1),('8b6bf6622a9061f7c4df8aeed810ffe8','netflix','US',1663547154007,1),('8b47cb4095e9f503230e33eb8d0f9fb2','netflix','US',1663547344215,1),('a95f03ae8dc6d501ee609d230a4b2b8d','netflix','US',1663548339270,1),('d0c9733ae9f98e6f34649696c680dd8f','hulu','US',1663548673351,1),('d0c9733ae9f98e6f34649696c680dd8f','netflix','US',1663548673352,1),('4cb82b70f31ced7556c6c4c4cfaedbc7','netflix','US',1663548832387,1),('3468952ada39e019cc4380c04a918190','netflix','US',1663559274441,1),('352455fa31c714f47b40dd3e38e4fa95','netflix','US',1663560684916,1),('4a0262cddec9b46668fe64884f429fdc','disney_plus','US',1663876035793,1),('2813a97975766c07dd5b1e40e10e1544','disney_plus','US',1665689178459,1),('431bcfb5ee1c2db7eb3ba49aec660837','disney_plus','US',1665690396239,1),('62466dedf479020be43b80f7fc3f7909','disney_plus','US',1665871414423,1),('159a8523f8c1c3e63fa1acd571e5e707','disney_plus','US',1665871736461,1);
/*!40000 ALTER TABLE `movielinks` ENABLE KEYS */;
UNLOCK TABLES;

--
-- Table structure for table `movies`
--

DROP TABLE IF EXISTS `movies`;
/*!40101 SET @saved_cs_client     = @@character_set_client */;
/*!50503 SET character_set_client = utf8mb4 */;
CREATE TABLE `movies` (
  `title_id` varchar(64) NOT NULL,
  `trailer` varchar(32) DEFAULT NULL,
  `rel_date` date DEFAULT NULL,
  `runtime` int DEFAULT NULL,
  UNIQUE KEY `title_id_UNIQUE` (`title_id`),
  KEY `fk_movies_title1_idx` (`title_id`),
  CONSTRAINT `fk_movies_title1` FOREIGN KEY (`title_id`) REFERENCES `titles` (`title_id`)
) ENGINE=InnoDB DEFAULT CHARSET=utf8mb4 COLLATE=utf8mb4_0900_ai_ci;
/*!40101 SET character_set_client = @saved_cs_client */;

--
-- Dumping data for table `movies`
--

LOCK TABLES `movies` WRITE;
/*!40000 ALTER TABLE `movies` DISABLE KEYS */;
INSERT INTO `movies` VALUES ('0d7a0ef03d5014d1842ea41a92933e15','TcMBFSGVi1c',NULL,181),('119ab2cec8cec6ed8a7d040bc2a0dd9b','TcPk2p0Zaw4','2021-10-22',107),('159a8523f8c1c3e63fa1acd571e5e707','LSSGHvzMY60',NULL,102),('1812e09b727ccd504958b4b45c091b83','NmzuHjWmXOc','1994-09-13',142),('2813a97975766c07dd5b1e40e10e1544','fVR4E6Q6u5g',NULL,88),('2e1a8f340217d8548846726172ce2e7f','iszwuX1AK6A',NULL,180),('3468952ada39e019cc4380c04a918190','JlcX_GXtf40',NULL,120),('352455fa31c714f47b40dd3e38e4fa95','5CS7KWnRU64',NULL,91),('38052fd261d5c605fc92e966ad9e2b27','UaVTIH8mujA','1972-03-15',175),('431bcfb5ee1c2db7eb3ba49aec660837','Go8nTmfrQd8',NULL,118),('4a0262cddec9b46668fe64884f429fdc','gV_0pYoCssc',NULL,105),('4cb82b70f31ced7556c6c4c4cfaedbc7','Mmq_NVwLN_g',NULL,101),('61991b02ec71e1cdf129c2e4f41efa37','xOsLIiBStEs','2020-12-25',100),('62466dedf479020be43b80f7fc3f7909','idc0EOmKr30',NULL,103),('7aedde6f51d7bfcdff7877715f8f16ee','0pdqf4P9MB8',NULL,128),('8b0e961e00257eff16578f78946b2366','n9xhJrPXop4','2021-10-22',155),('8b47cb4095e9f503230e33eb8d0f9fb2','kliQSsD_npo',NULL,107),('8b6bf6622a9061f7c4df8aeed810ffe8','oZ6iiRrz1SY',NULL,104),('9836a2d528a43e40eb01b5dccec69dca','uaaC57tcci0',NULL,94),('a6bbf07cce81c9e41eb25fc173903743','5jaI1XOB-bs',NULL,108),('a7c173bdcf0f3c7f33caebd61f76d870','X8kYDQan8bw',NULL,117),('a95f03ae8dc6d501ee609d230a4b2b8d','DHREzAdyCPs',NULL,124),('bb5d6388e2a4f307cb8fc2e3692707b0','LDG9bisJEaI','2008-07-14',152),('d0c9733ae9f98e6f34649696c680dd8f','VY67V0wOlz8',NULL,127),('ddb3e765c6260ac5ff9fd9cbcf47bfea','SEUXfv87Wpk',NULL,152),('e3a98247c62c5a051714f796829ecca1','oAhvG3wIE_g',NULL,106),('f164ad677913e9535910b650da4a6ef3','_iH0UBYDI4g',NULL,165),('f3f997a480a6710e8d801e6e451b78ed','z5Humz3ONgk',NULL,164);
/*!40000 ALTER TABLE `movies` ENABLE KEYS */;
UNLOCK TABLES;

--
-- Table structure for table `resetpassword`
--

DROP TABLE IF EXISTS `resetpassword`;
/*!40101 SET @saved_cs_client     = @@character_set_client */;
/*!50503 SET character_set_client = utf8mb4 */;
CREATE TABLE `resetpassword` (
  `code` varchar(128) NOT NULL,
  `user_id` varchar(64) NOT NULL,
  `created` bigint DEFAULT NULL,
  `expires` bigint DEFAULT NULL,
  `valid` tinyint DEFAULT NULL,
  PRIMARY KEY (`code`),
  KEY `fk_resetpassword_users1_idx` (`user_id`),
  CONSTRAINT `fk_resetpassword_users1` FOREIGN KEY (`user_id`) REFERENCES `users` (`user_id`)
) ENGINE=InnoDB DEFAULT CHARSET=utf8mb4 COLLATE=utf8mb4_0900_ai_ci;
/*!40101 SET character_set_client = @saved_cs_client */;

--
-- Dumping data for table `resetpassword`
--

LOCK TABLES `resetpassword` WRITE;
/*!40000 ALTER TABLE `resetpassword` DISABLE KEYS */;
/*!40000 ALTER TABLE `resetpassword` ENABLE KEYS */;
UNLOCK TABLES;

--
-- Table structure for table `seasonlinks`
--

DROP TABLE IF EXISTS `seasonlinks`;
/*!40101 SET @saved_cs_client     = @@character_set_client */;
/*!50503 SET character_set_client = utf8mb4 */;
CREATE TABLE `seasonlinks` (
  `season_id` varchar(64) NOT NULL,
  `platform` varchar(32) NOT NULL,
  `country` varchar(64) DEFAULT NULL,
  `timestamp` bigint DEFAULT NULL,
  `available` tinyint DEFAULT NULL,
  KEY `fk_seasonlinks_seasons1_idx` (`season_id`),
  CONSTRAINT `fk_seasonlinks_seasons1` FOREIGN KEY (`season_id`) REFERENCES `seasons` (`season_id`)
) ENGINE=InnoDB DEFAULT CHARSET=utf8mb4 COLLATE=utf8mb4_0900_ai_ci;
/*!40101 SET character_set_client = @saved_cs_client */;

--
-- Dumping data for table `seasonlinks`
--

LOCK TABLES `seasonlinks` WRITE;
/*!40000 ALTER TABLE `seasonlinks` DISABLE KEYS */;
INSERT INTO `seasonlinks` VALUES ('04fe07030df369040f1f39dd4695f01d','peacock','US',1661531803828,1),('654dbd1b78544d038c533390fa91caca','peacock','US',1661531803854,1),('009f95053725376a106448e59d30269c','peacock','US',1661531803856,1),('f4f85aab91a864f522aeacd325954faa','peacock','US',1661531803856,1),('b6f011caf4141f05b8e7d29814348732','netflix','US',1661531878455,1),('864b6575289716760a6f745ce5ba6a4e','netflix','US',1661531878457,1),('1adcca458d51bd79636afa8631eaac1a','hbo_max','US',1661532116170,1),('83260b357055283208bf5978182c2400','netflix','US',1661532380797,1),('487b0f546e89568b8868b9392b12c8fa','netflix','US',1661532380839,1),('a5de20457d8264ee24cafeb01f951b71','netflix','US',1661532380839,1),('39f97d525dd13b2711a1bbabbb2c42d8','netflix','US',1661532380840,1),('b5cf5d04f5a38f353be00abe9a206d94','netflix','US',1661532656792,1),('1fb0aac48948321f45cb5eaf2396c34c','netflix','US',1661532656815,1),('c91cf3f2f7d00f77450b4dd2b5fb3c6b','netflix','US',1661532656815,1),('7c707671b4d78ee52845e4f99ed2451d','netflix','US',1661532656816,1),('f1646747551e0f7d91a641448aefd117','netflix','US',1661532656816,1),('bc2eecc49090d5ad6e79ba33992819ba','hbo_max','US',1661631355188,1),('c1ce9516f6bd3a58609d8fba23f661ca','netflix','US',1661631401780,1),('c4c9fcd5c34aeccfa6c9a847d9c8f179','netflix','US',1661631401781,1),('39a7a77ddda8f50369ff912f3da245f8','netflix','US',1661631401781,1),('854212de47a60a6be3fd2d69e50af097','netflix','US',1661631401781,1),('566e97f614b0f7b199b49d683db70b4f','netflix','US',1661631672486,1),('958c6bd787a266c1065b1cab2bd7b9aa','netflix','US',1661631672497,1),('5815d1e65566e71e538f3a13dd26044e','netflix','US',1661631672498,1),('c25d88acc0a04d27318f4bf425f9619e','hbo_max','US',1661632192140,1),('0539233281207ccb85774270be7723e8','hbo_max','US',1661632192143,1),('4f9a710a1cff57ba5c0990658f9b0be7','hulu','US',1661632268457,1),('bcb1698c4ad595eabff5c9662b05c401','hulu','US',1661632268459,1),('6288f49e4b1e678048a821e18b51ca23','hulu','US',1661632268460,1),('39fd70e7880c97d1d311085a9979f935','hulu','US',1661632268460,1),('5c5f8e66ac662642d218e4c13fd5ad42','netflix','US',1661653442082,1),('b3c9a42f45391bf6dd68037c00cdbad5','netflix','US',1661653442117,1),('f5725c07d1082b0a4d5780e144418a39','netflix','US',1661653442143,1),('00b429172a43822281f1e902b292924e','netflix','US',1661653442143,1),('e7359325859168a0ec03eb80b9e9c7ca','netflix','US',1661653442144,1),('fc7791b9faed8d32191f9d6028dfce1a','netflix','US',1661653442144,1),('8306799d1deead7f0e0505118a8d861f','hulu','US',1661653669886,1),('8306799d1deead7f0e0505118a8d861f','hbo_max','US',1661653669887,1),('eeb2756a3a939197c08f0289046fb8b4','hulu','US',1661653669887,1),('f13fa9d7506235f6160792767834cf4a','hulu','US',1661653669887,1),('eeb2756a3a939197c08f0289046fb8b4','hbo_max','US',1661653669887,1),('f13fa9d7506235f6160792767834cf4a','hbo_max','US',1661653669887,1),('ba6929a18653f4f28071a40ac01bb12b','hulu','US',1661653669904,1),('ba6929a18653f4f28071a40ac01bb12b','hbo_max','US',1661653669905,1),('6238ad82ad12b470d01bb33d0cf0640d','amazon_prime','US',1661654227288,1),('04aea369458f234ff90282a5d44b02aa','amazon_prime','US',1661654227308,1),('7fe2b63727cb33ea372831821b418edd','amazon_prime','US',1661654227310,1),('9f46394252e21a14fcfacf1d5fce8c5b','hbo_max','US',1661988762095,1),('ef9f8288836d8c0af5a22c771b09662e','netflix','US',1663220746006,1),('156ee6a11b28bd61e1071fa9217caa1e','netflix','US',1663220746006,1),('212ce6c80f9d052702117bd5ac837cde','netflix','US',1663220746037,1),('840667b03aff464c64f8f35024f0a38e','netflix','US',1663220746037,1),('63be694c9ba440df0c2cdd41e5822c01','netflix','US',1663220746037,1),('07a0418dfd5c8288771cd59f76b18479','hbo_max','US',1663223627973,1),('06d23249bd626297328fec95553a2597','netflix','US',1663566008805,1),('c9bb9c73b7af5b6092c4b01a1d1e5747','netflix','US',1663566076321,1),('25161b9cae1d307efba2beeb35ee793c','netflix','US',1663566105053,1),('bf76833270b962848eb653306a985457','netflix','US',1663566132644,1),('c999419dd22bb58f245fb8bcba667094','disney_plus','US',1663813035109,1),('68ab79f804bcd3623fb9a784e8b0cfa4','disney_plus','US',1665689811657,1),('f85f6b899d33bf709ff00c36e919a23c','disney_plus','US',1665947490710,1),('1fd7fce069b3d48994b672c87f5e19ac','disney_plus','US',1665947516515,1),('08728cb33e50d52cf2114169b21cc549','disney_plus','US',1665947743268,1),('8a27a3b4f6476624da06a41a0c5c6a1c','disney_plus','US',1665947743352,1),('e2ac8ed4d6497359255904150147a1be','disney_plus','US',1665947860242,1),('19267ea05f74a9e632c663dd9dc7a490','disney_plus','US',1665947860349,1);
/*!40000 ALTER TABLE `seasonlinks` ENABLE KEYS */;
UNLOCK TABLES;

--
-- Table structure for table `seasons`
--

DROP TABLE IF EXISTS `seasons`;
/*!40101 SET @saved_cs_client     = @@character_set_client */;
/*!50503 SET character_set_client = utf8mb4 */;
CREATE TABLE `seasons` (
  `season_id` varchar(64) NOT NULL,
  `title_id` varchar(64) NOT NULL,
  `season_number` int DEFAULT NULL,
  `trailer` varchar(32) DEFAULT NULL,
  `rel_date` datetime DEFAULT NULL,
  PRIMARY KEY (`season_id`),
  KEY `fk_seasons_title1_idx` (`title_id`),
  CONSTRAINT `fk_seasons_title1` FOREIGN KEY (`title_id`) REFERENCES `titles` (`title_id`)
) ENGINE=InnoDB DEFAULT CHARSET=utf8mb4 COLLATE=utf8mb4_0900_ai_ci;
/*!40101 SET character_set_client = @saved_cs_client */;

--
-- Dumping data for table `seasons`
--

LOCK TABLES `seasons` WRITE;
/*!40000 ALTER TABLE `seasons` DISABLE KEYS */;
INSERT INTO `seasons` VALUES ('009f95053725376a106448e59d30269c','0bbffa8cca43b958b81fdf60ea2a302c',3,'AHsEnvFNTk8',NULL),('00b429172a43822281f1e902b292924e','c4356f11201cd23abfc1d46d196a51e2',4,'whgdkjDJAjg',NULL),('04aea369458f234ff90282a5d44b02aa','a3c03a6ef7af66b25319abb88b72c9bc',2,'MN8fFM1ZdWo',NULL),('04fe07030df369040f1f39dd4695f01d','0bbffa8cca43b958b81fdf60ea2a302c',1,'jr32f0rnK1o',NULL),('0539233281207ccb85774270be7723e8','a6d0850a32f326cae995d9adc391bd8c',2,'0BG3c1ika48',NULL),('06d23249bd626297328fec95553a2597','fec05ad7b15ccb92a0b3431882ef2c07',1,'sTJfJoaZrCw',NULL),('07a0418dfd5c8288771cd59f76b18479','9bd62abb31a6d7e289ca91ca96739483',1,'c8aFcHFu8QM',NULL),('08728cb33e50d52cf2114169b21cc549','ebc62ca46b2ca23452ea897fe53112d8',1,'',NULL),('156ee6a11b28bd61e1071fa9217caa1e','c3e35a8936f8019223df2e60833e9534',1,'',NULL),('19267ea05f74a9e632c663dd9dc7a490','2373636dca8f358355a26398e6d8412a',2,'G7ME74rRsnY',NULL),('1adcca458d51bd79636afa8631eaac1a','1a93573058112f572f2eedf660ae3caa',1,'2fjPFt8cpic',NULL),('1fb0aac48948321f45cb5eaf2396c34c','28b43e54887abbe25867a143ffce26e0',2,'',NULL),('1fd7fce069b3d48994b672c87f5e19ac','2174082db9b8df9524f6874064427fd5',2,'uY1o_5LrfK0',NULL),('212ce6c80f9d052702117bd5ac837cde','c3e35a8936f8019223df2e60833e9534',3,'',NULL),('25161b9cae1d307efba2beeb35ee793c','c87a7c28f77ce0f0762547de60612422',1,'ScEl_smzT3A',NULL),('39a7a77ddda8f50369ff912f3da245f8','535459cf2a696dc16eac8c3e26aeed5c',2,'R1ZXOOLMJ8s',NULL),('39f97d525dd13b2711a1bbabbb2c42d8','1b1416d0e88fd7094199f31b1ab572f9',4,'SB3xj2BKgHs',NULL),('39fd70e7880c97d1d311085a9979f935','aaa4b42bb6fd4e984c09a061fbe08fa0',4,'',NULL),('487b0f546e89568b8868b9392b12c8fa','1b1416d0e88fd7094199f31b1ab572f9',2,'YUBhXDjEDUI',NULL),('4f9a710a1cff57ba5c0990658f9b0be7','aaa4b42bb6fd4e984c09a061fbe08fa0',1,'',NULL),('566e97f614b0f7b199b49d683db70b4f','902c07b42b7eb3c040f79b9e017127f1',1,'',NULL),('5815d1e65566e71e538f3a13dd26044e','902c07b42b7eb3c040f79b9e017127f1',3,'',NULL),('5c5f8e66ac662642d218e4c13fd5ad42','c4356f11201cd23abfc1d46d196a51e2',1,'',NULL),('6238ad82ad12b470d01bb33d0cf0640d','a3c03a6ef7af66b25319abb88b72c9bc',1,'5SKP1_F7ReE',NULL),('6288f49e4b1e678048a821e18b51ca23','aaa4b42bb6fd4e984c09a061fbe08fa0',3,'',NULL),('63be694c9ba440df0c2cdd41e5822c01','c3e35a8936f8019223df2e60833e9534',5,'',NULL),('654dbd1b78544d038c533390fa91caca','0bbffa8cca43b958b81fdf60ea2a302c',2,'dYHeU5Q7eBE',NULL),('68ab79f804bcd3623fb9a784e8b0cfa4','b16819923148e9544c96ff72f0ab06f7',1,'GDYEVR12aoE',NULL),('7c707671b4d78ee52845e4f99ed2451d','28b43e54887abbe25867a143ffce26e0',5,'',NULL),('7fe2b63727cb33ea372831821b418edd','a3c03a6ef7af66b25319abb88b72c9bc',3,'K-8VYKUZYiw',NULL),('8306799d1deead7f0e0505118a8d861f','de724745f88c65fedfc0e01ebba05eab',1,'',NULL),('83260b357055283208bf5978182c2400','1b1416d0e88fd7094199f31b1ab572f9',1,'5hAXVqrljbs',NULL),('840667b03aff464c64f8f35024f0a38e','c3e35a8936f8019223df2e60833e9534',4,'',NULL),('854212de47a60a6be3fd2d69e50af097','535459cf2a696dc16eac8c3e26aeed5c',3,'',NULL),('864b6575289716760a6f745ce5ba6a4e','10fa17ca9157be44959290f3f892aab6',2,'TJFVV2L8GKs',NULL),('8a27a3b4f6476624da06a41a0c5c6a1c','ebc62ca46b2ca23452ea897fe53112d8',2,'',NULL),('958c6bd787a266c1065b1cab2bd7b9aa','902c07b42b7eb3c040f79b9e017127f1',2,'',NULL),('9f46394252e21a14fcfacf1d5fce8c5b','bb3e399956149dd5e0ca694a1b3b4c2a',1,'xFE8ASwxmpA',NULL),('a5de20457d8264ee24cafeb01f951b71','1b1416d0e88fd7094199f31b1ab572f9',3,'oNDTOy5bU_4',NULL),('b3c9a42f45391bf6dd68037c00cdbad5','c4356f11201cd23abfc1d46d196a51e2',2,'',NULL),('b5cf5d04f5a38f353be00abe9a206d94','28b43e54887abbe25867a143ffce26e0',1,'HhesaQXLuRY',NULL),('b6f011caf4141f05b8e7d29814348732','10fa17ca9157be44959290f3f892aab6',1,'ndl1W4ltcmg',NULL),('ba6929a18653f4f28071a40ac01bb12b','de724745f88c65fedfc0e01ebba05eab',4,'',NULL),('bc2eecc49090d5ad6e79ba33992819ba','4a2271444ac00e862396172b7de18bf0',1,'aH06LWZs-Ys',NULL),('bcb1698c4ad595eabff5c9662b05c401','aaa4b42bb6fd4e984c09a061fbe08fa0',2,'',NULL),('bf76833270b962848eb653306a985457','42b82dce8195af5a143c94c13dd54d05',1,'1MTIrScpSPU',NULL),('c1ce9516f6bd3a58609d8fba23f661ca','535459cf2a696dc16eac8c3e26aeed5c',1,'b9EkMc79ZSU',NULL),('c25d88acc0a04d27318f4bf425f9619e','a6d0850a32f326cae995d9adc391bd8c',1,'UR4Pxgnm-GA',NULL),('c4c9fcd5c34aeccfa6c9a847d9c8f179','535459cf2a696dc16eac8c3e26aeed5c',4,'yQEondeGvKo',NULL),('c91cf3f2f7d00f77450b4dd2b5fb3c6b','28b43e54887abbe25867a143ffce26e0',3,'',NULL),('c999419dd22bb58f245fb8bcba667094','41872d24e7ad66153d189007ab7584dd',1,'cKOegEuCcfw',NULL),('c9bb9c73b7af5b6092c4b01a1d1e5747','4d56b81a215e7ebc2534bae8944a7905',1,'JtqIas3bYhg',NULL),('e2ac8ed4d6497359255904150147a1be','2373636dca8f358355a26398e6d8412a',1,'Z6ET4N6Sfhs',NULL),('e7359325859168a0ec03eb80b9e9c7ca','c4356f11201cd23abfc1d46d196a51e2',5,'Ruyl8_PT_y8',NULL),('eeb2756a3a939197c08f0289046fb8b4','de724745f88c65fedfc0e01ebba05eab',2,'',NULL),('ef9f8288836d8c0af5a22c771b09662e','c3e35a8936f8019223df2e60833e9534',2,'',NULL),('f13fa9d7506235f6160792767834cf4a','de724745f88c65fedfc0e01ebba05eab',3,'',NULL),('f1646747551e0f7d91a641448aefd117','28b43e54887abbe25867a143ffce26e0',4,'',NULL),('f4f85aab91a864f522aeacd325954faa','0bbffa8cca43b958b81fdf60ea2a302c',4,'LLQNiiZgz9A',NULL),('f5725c07d1082b0a4d5780e144418a39','c4356f11201cd23abfc1d46d196a51e2',3,'',NULL),('f85f6b899d33bf709ff00c36e919a23c','2174082db9b8df9524f6874064427fd5',1,'OD3UhmRy4lg',NULL),('fc7791b9faed8d32191f9d6028dfce1a','c4356f11201cd23abfc1d46d196a51e2',6,'2nsT9uQPIrk',NULL);
/*!40000 ALTER TABLE `seasons` ENABLE KEYS */;
UNLOCK TABLES;

--
-- Table structure for table `snapshots`
--

DROP TABLE IF EXISTS `snapshots`;
/*!40101 SET @saved_cs_client     = @@character_set_client */;
/*!50503 SET character_set_client = utf8mb4 */;
CREATE TABLE `snapshots` (
  `link_id` varchar(64) NOT NULL,
  `timestamp` bigint NOT NULL,
  `data` json DEFAULT NULL,
  KEY `fk_link_id_idx` (`link_id`),
  CONSTRAINT `fk_link_id` FOREIGN KEY (`link_id`) REFERENCES `botlinks` (`link_id`)
) ENGINE=InnoDB DEFAULT CHARSET=utf8mb4 COLLATE=utf8mb4_0900_ai_ci;
/*!40101 SET character_set_client = @saved_cs_client */;

--
-- Dumping data for table `snapshots`
--

LOCK TABLES `snapshots` WRITE;
/*!40000 ALTER TABLE `snapshots` DISABLE KEYS */;
INSERT INTO `snapshots` VALUES ('00cba710df5447f01002fdbff0119ef45c4125d355c15df9ee931bdd80d84670',1658169216484,'{\"title\": \"test value\"}'),('00cba710df5447f01002fdbff0119ef45c4125d355c15df9ee931bdd80d84670',1658169340546,'{\"title\": \"test value\"}');
/*!40000 ALTER TABLE `snapshots` ENABLE KEYS */;
UNLOCK TABLES;

--
-- Table structure for table `tasks`
--

DROP TABLE IF EXISTS `tasks`;
/*!40101 SET @saved_cs_client     = @@character_set_client */;
/*!50503 SET character_set_client = utf8mb4 */;
CREATE TABLE `tasks` (
  `task_id` varchar(64) NOT NULL,
  `bot_id` varchar(8) DEFAULT NULL,
  `link_id` varchar(64) DEFAULT NULL,
  `type` varchar(64) DEFAULT NULL,
  `started` int DEFAULT NULL,
  `ended` int DEFAULT NULL,
  `status` varchar(32) DEFAULT NULL,
  PRIMARY KEY (`task_id`),
  KEY `fk_bot_id_idx` (`bot_id`),
  KEY `fk_link_id_idx` (`link_id`),
  CONSTRAINT `fk_bot_id` FOREIGN KEY (`bot_id`) REFERENCES `bots` (`bot_id`),
  CONSTRAINT `fk_bot_link_id` FOREIGN KEY (`link_id`) REFERENCES `botlinks` (`link_id`)
) ENGINE=InnoDB DEFAULT CHARSET=utf8mb4 COLLATE=utf8mb4_0900_ai_ci;
/*!40101 SET character_set_client = @saved_cs_client */;

--
-- Dumping data for table `tasks`
--

LOCK TABLES `tasks` WRITE;
/*!40000 ALTER TABLE `tasks` DISABLE KEYS */;
/*!40000 ALTER TABLE `tasks` ENABLE KEYS */;
UNLOCK TABLES;

--
-- Table structure for table `titlegenres`
--

DROP TABLE IF EXISTS `titlegenres`;
/*!40101 SET @saved_cs_client     = @@character_set_client */;
/*!50503 SET character_set_client = utf8mb4 */;
CREATE TABLE `titlegenres` (
  `title_id` varchar(64) NOT NULL,
  `genre` varchar(64) NOT NULL,
  KEY `fk_titlegenres_title_idx` (`title_id`),
  CONSTRAINT `fk_titlegenres_title` FOREIGN KEY (`title_id`) REFERENCES `titles` (`title_id`)
) ENGINE=InnoDB DEFAULT CHARSET=utf8mb4 COLLATE=utf8mb4_0900_ai_ci;
/*!40101 SET character_set_client = @saved_cs_client */;

--
-- Dumping data for table `titlegenres`
--

LOCK TABLES `titlegenres` WRITE;
/*!40000 ALTER TABLE `titlegenres` DISABLE KEYS */;
INSERT INTO `titlegenres` VALUES ('38052fd261d5c605fc92e966ad9e2b27','crime'),('38052fd261d5c605fc92e966ad9e2b27','drama'),('bb5d6388e2a4f307cb8fc2e3692707b0','action'),('bb5d6388e2a4f307cb8fc2e3692707b0','crime'),('bb5d6388e2a4f307cb8fc2e3692707b0','drama'),('8b0e961e00257eff16578f78946b2366','action'),('8b0e961e00257eff16578f78946b2366','adventure'),('8b0e961e00257eff16578f78946b2366','drama'),('1812e09b727ccd504958b4b45c091b83','drama'),('119ab2cec8cec6ed8a7d040bc2a0dd9b','comedy'),('119ab2cec8cec6ed8a7d040bc2a0dd9b','drama'),('119ab2cec8cec6ed8a7d040bc2a0dd9b','romance'),('61991b02ec71e1cdf129c2e4f41efa37','animation'),('61991b02ec71e1cdf129c2e4f41efa37','adventure'),('61991b02ec71e1cdf129c2e4f41efa37','comedy'),('9836a2d528a43e40eb01b5dccec69dca','documentary'),('9836a2d528a43e40eb01b5dccec69dca','drama'),('e3a98247c62c5a051714f796829ecca1','drama'),('e3a98247c62c5a051714f796829ecca1','music'),('7aedde6f51d7bfcdff7877715f8f16ee','comedy'),('7aedde6f51d7bfcdff7877715f8f16ee','drama'),('7aedde6f51d7bfcdff7877715f8f16ee','music'),('f164ad677913e9535910b650da4a6ef3','drama'),('f164ad677913e9535910b650da4a6ef3','western'),('2e1a8f340217d8548846726172ce2e7f','biography'),('2e1a8f340217d8548846726172ce2e7f','comedy'),('2e1a8f340217d8548846726172ce2e7f','crime'),('ddb3e765c6260ac5ff9fd9cbcf47bfea','comedy'),('ddb3e765c6260ac5ff9fd9cbcf47bfea','drama'),('ddb3e765c6260ac5ff9fd9cbcf47bfea','thriller'),('a7c173bdcf0f3c7f33caebd61f76d870','crime'),('a7c173bdcf0f3c7f33caebd61f76d870','drama'),('a7c173bdcf0f3c7f33caebd61f76d870','thriller'),('a6bbf07cce81c9e41eb25fc173903743','drama'),('a6bbf07cce81c9e41eb25fc173903743','thriller'),('0d7a0ef03d5014d1842ea41a92933e15','action'),('0d7a0ef03d5014d1842ea41a92933e15','adventure'),('0d7a0ef03d5014d1842ea41a92933e15','drama'),('f3f997a480a6710e8d801e6e451b78ed','action'),('f3f997a480a6710e8d801e6e451b78ed','drama'),('10fa17ca9157be44959290f3f892aab6','action'),('10fa17ca9157be44959290f3f892aab6','adventure'),('10fa17ca9157be44959290f3f892aab6','drama'),('1a93573058112f572f2eedf660ae3caa','documeantary'),('1a93573058112f572f2eedf660ae3caa','comedy'),('a3c03a6ef7af66b25319abb88b72c9bc','action'),('a3c03a6ef7af66b25319abb88b72c9bc','crime'),('a3c03a6ef7af66b25319abb88b72c9bc','drama'),('bb3e399956149dd5e0ca694a1b3b4c2a','action'),('bb3e399956149dd5e0ca694a1b3b4c2a','adventure'),('bb3e399956149dd5e0ca694a1b3b4c2a','biography'),('c3e35a8936f8019223df2e60833e9534','drama'),('c3e35a8936f8019223df2e60833e9534','mystery'),('c3e35a8936f8019223df2e60833e9534','sci-fi'),('a6d0850a32f326cae995d9adc391bd8c','drama'),('4a2271444ac00e862396172b7de18bf0','drama'),('4a2271444ac00e862396172b7de18bf0','history'),('4a2271444ac00e862396172b7de18bf0','war'),('9bd62abb31a6d7e289ca91ca96739483','documentary'),('aaa4b42bb6fd4e984c09a061fbe08fa0','crime'),('aaa4b42bb6fd4e984c09a061fbe08fa0','drama'),('aaa4b42bb6fd4e984c09a061fbe08fa0','thriller'),('de724745f88c65fedfc0e01ebba05eab','documentary'),('de724745f88c65fedfc0e01ebba05eab','comedy'),('902c07b42b7eb3c040f79b9e017127f1','biography'),('902c07b42b7eb3c040f79b9e017127f1','crime'),('902c07b42b7eb3c040f79b9e017127f1','drama'),('c4356f11201cd23abfc1d46d196a51e2','crime'),('c4356f11201cd23abfc1d46d196a51e2','drama'),('0bbffa8cca43b958b81fdf60ea2a302c','drama'),('0bbffa8cca43b958b81fdf60ea2a302c','western'),('1b1416d0e88fd7094199f31b1ab572f9','crime'),('1b1416d0e88fd7094199f31b1ab572f9','drama'),('1b1416d0e88fd7094199f31b1ab572f9','thriller'),('28b43e54887abbe25867a143ffce26e0','crime'),('28b43e54887abbe25867a143ffce26e0','drama'),('28b43e54887abbe25867a143ffce26e0','thriller'),('535459cf2a696dc16eac8c3e26aeed5c','drama'),('535459cf2a696dc16eac8c3e26aeed5c','fantasy'),('535459cf2a696dc16eac8c3e26aeed5c','horror'),('8b6bf6622a9061f7c4df8aeed810ffe8','action'),('8b6bf6622a9061f7c4df8aeed810ffe8','adventure'),('8b6bf6622a9061f7c4df8aeed810ffe8','horror'),('8b47cb4095e9f503230e33eb8d0f9fb2','comedy'),('8b47cb4095e9f503230e33eb8d0f9fb2','fantasy'),('a95f03ae8dc6d501ee609d230a4b2b8d','biography'),('a95f03ae8dc6d501ee609d230a4b2b8d','drama'),('d0c9733ae9f98e6f34649696c680dd8f','action'),('d0c9733ae9f98e6f34649696c680dd8f','adventure'),('d0c9733ae9f98e6f34649696c680dd8f','drama'),('4cb82b70f31ced7556c6c4c4cfaedbc7','comedy'),('3468952ada39e019cc4380c04a918190','action'),('3468952ada39e019cc4380c04a918190','crime'),('3468952ada39e019cc4380c04a918190','drama'),('352455fa31c714f47b40dd3e38e4fa95','biography'),('352455fa31c714f47b40dd3e38e4fa95','drama'),('352455fa31c714f47b40dd3e38e4fa95','history'),('42b82dce8195af5a143c94c13dd54d05','action'),('42b82dce8195af5a143c94c13dd54d05','biography'),('42b82dce8195af5a143c94c13dd54d05','crime'),('41872d24e7ad66153d189007ab7584dd','action'),('41872d24e7ad66153d189007ab7584dd','adventure'),('41872d24e7ad66153d189007ab7584dd','drama'),('2813a97975766c07dd5b1e40e10e1544','animation'),('2813a97975766c07dd5b1e40e10e1544','adventure'),('2813a97975766c07dd5b1e40e10e1544','comedy'),('b16819923148e9544c96ff72f0ab06f7','documentary'),('4a0262cddec9b46668fe64884f429fdc','adventure'),('4a0262cddec9b46668fe64884f429fdc','comedy'),('4a0262cddec9b46668fe64884f429fdc','drama'),('431bcfb5ee1c2db7eb3ba49aec660837','action'),('431bcfb5ee1c2db7eb3ba49aec660837','adventure'),('431bcfb5ee1c2db7eb3ba49aec660837','comedy'),('62466dedf479020be43b80f7fc3f7909','comedy'),('62466dedf479020be43b80f7fc3f7909','family'),('62466dedf479020be43b80f7fc3f7909','fantasy'),('159a8523f8c1c3e63fa1acd571e5e707','animation'),('159a8523f8c1c3e63fa1acd571e5e707','action'),('159a8523f8c1c3e63fa1acd571e5e707','adventure'),('2174082db9b8df9524f6874064427fd5','comedy'),('2174082db9b8df9524f6874064427fd5','drama'),('2174082db9b8df9524f6874064427fd5','sport'),('fec05ad7b15ccb92a0b3431882ef2c07','action'),('fec05ad7b15ccb92a0b3431882ef2c07','adventure'),('fec05ad7b15ccb92a0b3431882ef2c07','drama'),('ebc62ca46b2ca23452ea897fe53112d8','comedy'),('ebc62ca46b2ca23452ea897fe53112d8','animation'),('ebc62ca46b2ca23452ea897fe53112d8','music'),('2373636dca8f358355a26398e6d8412a','comedy'),('2373636dca8f358355a26398e6d8412a','drama'),('2373636dca8f358355a26398e6d8412a','support'),('4d56b81a215e7ebc2534bae8944a7905','animation'),('4d56b81a215e7ebc2534bae8944a7905','action'),('4d56b81a215e7ebc2534bae8944a7905','adventure'),('c87a7c28f77ce0f0762547de60612422','drama'),('c87a7c28f77ce0f0762547de60612422','horror'),('c87a7c28f77ce0f0762547de60612422','mystery');
/*!40000 ALTER TABLE `titlegenres` ENABLE KEYS */;
UNLOCK TABLES;

--
-- Table structure for table `titles`
--

DROP TABLE IF EXISTS `titles`;
/*!40101 SET @saved_cs_client     = @@character_set_client */;
/*!50503 SET character_set_client = utf8mb4 */;
CREATE TABLE `titles` (
  `title_id` varchar(64) NOT NULL,
  `title` varchar(128) DEFAULT NULL,
  `type` varchar(16) DEFAULT NULL,
  `cover_image` varchar(64) DEFAULT NULL,
  `maturity_rating` varchar(8) DEFAULT NULL,
  `trailer` varchar(64) DEFAULT NULL,
  `description` varchar(2048) DEFAULT NULL,
  `imdb_link` varchar(128) DEFAULT NULL,
  `imdb_rating` varchar(32) DEFAULT NULL,
  `rotten_tomatoes_link` varchar(128) DEFAULT NULL,
  `rotten_tomatoes_rating` varchar(32) DEFAULT NULL,
  PRIMARY KEY (`title_id`),
  FULLTEXT KEY `title` (`title`)
) ENGINE=InnoDB DEFAULT CHARSET=utf8mb4 COLLATE=utf8mb4_0900_ai_ci;
/*!40101 SET character_set_client = @saved_cs_client */;

--
-- Dumping data for table `titles`
--

LOCK TABLES `titles` WRITE;
/*!40000 ALTER TABLE `titles` DISABLE KEYS */;
INSERT INTO `titles` VALUES ('0bbffa8cca43b958b81fdf60ea2a302c','Yellowstone',NULL,'bd05c437c7220323136e6f6d9c27b3c6','TV-MA',NULL,'A ranching family in Montana faces off against others encroaching on their land.','https://www.imdb.com/title/tt4236770','8.7','https://www.rottentomatoes.com/tv/yellowstone','83%'),('0d7a0ef03d5014d1842ea41a92933e15','Avengers: Endgame',NULL,'2d31d471f09e2f29f208156327acbeac','PG-13',NULL,'After the devastating events of Avengers: Infinity War (2018), the universe is in ruins. With the help of remaining allies, the Avengers assemble once more in order to reverse Thanos\' actions and restore balance to the universe.','https://www.imdb.com/title/tt4154796','8.4','https://www.rottentomatoes.com/m/avengers_endgame','94%'),('10fa17ca9157be44959290f3f892aab6','The Witcher',NULL,'46cbb94d3b08d1a7b33a864b3069dc6d','TV-MA',NULL,'Geralt of Rivia, a solitary monster hunter, struggles to find his place in a world where people often prove more wicked than beasts.','https://www.imdb.com/title/tt5180504','8.2','https://www.rottentomatoes.com/tv/the_witcher','81%'),('119ab2cec8cec6ed8a7d040bc2a0dd9b','The French Dispatch',NULL,'a7f6968dee06043125d3144082bf5792','R',NULL,'A love letter to journalists set in an outpost of an American newspaper in a fictional twentieth century French city that brings to life a collection of stories published in \"The French Dispatch Magazine\".','https://www.imdb.com/title/tt8847712/','7.2','https://www.rottentomatoes.com/m/the_french_dispatch','75%'),('159a8523f8c1c3e63fa1acd571e5e707','Spies in Disguise',NULL,'da2931baf707bb014a077036bb59a895','PG',NULL,'When the world\'s best spy is turned into a pigeon, he must rely on his nerdy tech officer to save the world.','https://www.imdb.com/title/tt5814534/','6.8','https://www.rottentomatoes.com/m/spies_in_disguise','77%'),('1812e09b727ccd504958b4b45c091b83','The Shawshank Redemption',NULL,'3948a009c10c272fcc770643e1f28c06','R',NULL,'Two imprisoned men bond over a number of years, finding solace and eventual redemption through acts of common decency.','https://www.imdb.com/title/tt0111161/','9.3','https://www.rottentomatoes.com/m/shawshank_redemption','91%'),('1a93573058112f572f2eedf660ae3caa','The Rehearsal',NULL,'08479238349c0ad801415616c0c2ad97','TV-MA',NULL,'Nathan Fielder gives people a chance to rehearse for their own lives in a world where nothing ever works out as expected.','https://www.imdb.com/title/tt10802170','9.0','https://www.rottentomatoes.com/tv/the_rehearsal_2022','94%'),('1b1416d0e88fd7094199f31b1ab572f9','Ozark',NULL,'9235ed8fd378deb1157ea5b1f8ac0263','TV-MA',NULL,'A financial advisor drags his family from Chicago to the Missouri Ozarks, where he must launder money to appease a drug boss.','https://www.imdb.com/title/tt5071412','8.5','https://www.rottentomatoes.com/tv/ozark','82%'),('2174082db9b8df9524f6874064427fd5','The Mighty Ducks: Game Changers',NULL,'3de399bcc30f967de679c92dd96def7e','TV-PG',NULL,'After failing to make the cut to join the now powerhouse Mighty Ducks junior hockey team, 12-year-old Evan\'s mother encourages him to form a new team of underdogs with help from Gordon Bombay, the Ducks\' original coach.','https://www.imdb.com/title/tt7939768/','7.4','https://www.rottentomatoes.com/tv/the_mighty_ducks_game_changers','87%'),('2373636dca8f358355a26398e6d8412a','Big Shot',NULL,'69b7b05f1472c233d6040da2e780bb65','TV-PG',NULL,'A temperamental college basketball coach who gets fired from his job and must take a teaching and coaching job at an elite all-girls private high school.','https://www.imdb.com/title/tt11238096/','7.5','https://www.rottentomatoes.com/tv/big_shot','78%'),('2813a97975766c07dd5b1e40e10e1544','The Peanuts Movie',NULL,'d661ba5ea012888eeb3d9105087da153','G',NULL,'Snoopy embarks upon his greatest mission as he and his team take to the skies to pursue their archnemesis, while his best pal Charlie Brown begins his own epic quest back home to win the love of his life.','https://www.imdb.com/title/tt2452042/','7.0','https://www.rottentomatoes.com/m/the_peanuts_movie','87%'),('28b43e54887abbe25867a143ffce26e0','Breaking Bad',NULL,'40ee03823bc8c3dab09b38cc91b6e84c','TV-MA',NULL,'A high school chemistry teacher diagnosed with inoperable lung cancer turns to manufacturing and selling methamphetamine in order to secure his family\'s future.','https://www.imdb.com/title/tt0903747','9.5','https://www.rottentomatoes.com/tv/breaking_bad','96%'),('2e1a8f340217d8548846726172ce2e7f','The Wolf of Wall Street',NULL,'9889324c50ac6e71de3ad2416a05cb21','R',NULL,'Based on the true story of Jordan Belfort, from his rise to a wealthy stock-broker living the high life to his fall involving crime, corruption and the federal government.','https://www.imdb.com/title/tt0993846','8.2','https://www.rottentomatoes.com/m/the_wolf_of_wall_street_2013','80%'),('3468952ada39e019cc4380c04a918190','Collateral',NULL,'c0286cbe65a30718b647fab55e8d75ab','R',NULL,'A cab driver finds himself the hostage of an engaging contract killer as he makes his rounds from hit to hit during one night in Los Angeles.','https://www.imdb.com/title/tt0369339/','7.5','https://www.rottentomatoes.com/m/collateral','86%'),('352455fa31c714f47b40dd3e38e4fa95','The Champion',NULL,'5e89e80985f93d36812a5250261d6110','TV-MA',NULL,'The story of the pre-war boxing champion Tadeusz \"Teddy\" Pietrzykowski, who in 1940 arrives with the first transport of prisoners to the newly created Auschwitz concentration camp.','https://www.imdb.com/title/tt11369540/','6.6','https://www.rottentomatoes.com/m/the_champion_of_auschwitz',''),('38052fd261d5c605fc92e966ad9e2b27','The Godfather',NULL,'691b9132c92162b4fd37f628e1500c75','R',NULL,'The aging patriarch of an organized crime dynasty in postwar New York City transfers control of his clandestine empire to his reluctant youngest son.','https://www.imdb.com/title/tt0068646/','9.2','https://www.rottentomatoes.com/m/the_godfather','97%'),('41872d24e7ad66153d189007ab7584dd','Andor',NULL,'8c9bc99e5a9f7635f48ada2e5211d3d0','TV-14',NULL,'Prequel series to Star Wars\' \'Rogue One\'. In an era filled with danger, deception and intrigue, Cassian will embark on the path that is destined to turn him into a Rebel hero.','https://www.imdb.com/title/tt9253284/','8.2','https://www.rottentomatoes.com/tv/andor','89%'),('42b82dce8195af5a143c94c13dd54d05','Narco-Saints',NULL,'6943ccca8995b303e252f6f53e0e05ff','TV-MA',NULL,'A civilian businessman who has no choice but to cooperate with the secret operation of the National Intelligence Service to arrest the Korean drug lord who has taken control of Suriname in South America.','https://www.imdb.com/title/tt14518692/','7.4','https://www.rottentomatoes.com/tv/narco_saints','85%'),('431bcfb5ee1c2db7eb3ba49aec660837','Thor: Love and Thunder',NULL,'50d88b614bf358f2c73cad01ea9d780e','PG-13',NULL,'Thor enlists the help of Valkyrie, Korg and ex-girlfriend Jane Foster to fight Gorr the God Butcher, who intends to make the gods extinct.','https://www.imdb.com/title/tt10648342/','6.4','https://www.rottentomatoes.com/m/thor_love_and_thunder','64%'),('4a0262cddec9b46668fe64884f429fdc','Pinocchio',NULL,'dbe9acfd2aa571c29f52307daed8879c','PG',NULL,'A puppet is brought to life by a fairy, who assigns him to lead a virtuous life in order to become a real boy.','https://www.imdb.com/title/tt4593060/','5.1','https://www.rottentomatoes.com/m/pinocchio_2022','28%'),('4a2271444ac00e862396172b7de18bf0','Band of Brothers',NULL,'45304a77a1b10d3121a8098c7b7e218f','TV-MA',NULL,'The story of Easy Company of the U.S. Army 101st Airborne Division and their mission in World War II Europe, from Operation Overlord to V-J Day.','https://www.imdb.com/title/tt0185906','9.4','https://www.rottentomatoes.com/tv/band_of_brothers','97%'),('4cb82b70f31ced7556c6c4c4cfaedbc7','Me Time',NULL,'708bfb53702ccf9e8cf468b8a4ea9203','R',NULL,'Follows a dad who finds time for himself for the first time in years while his wife and kids are away. He reconnects with a friend for a wild weekend.','https://www.imdb.com/title/tt14309446/','5.0','https://www.rottentomatoes.com/m/me_time_2022','8%'),('4d56b81a215e7ebc2534bae8944a7905','Cyberpunk: Edgerunners',NULL,'2846c54656e7098013b5f9e6ba0ff039','TV-MA',NULL,'A Street Kid trying to survive in a technology and body modification-obsessed city of the future. Having everything to lose, he chooses to stay alive by becoming an Edgerunner, a Mercenary outlaw also known as a Cyberpunk.','https://www.imdb.com/title/tt12590266/','8.7','https://www.rottentomatoes.com/tv/cyberpunk_edgerunners','100%'),('535459cf2a696dc16eac8c3e26aeed5c','Stranger Things',NULL,'ed62bf962cc57d836915bb1b1282a64c','TV-14',NULL,'When a young boy disappears, his mother, a police chief and his friends must confront terrifying supernatural forces in order to get him back.','https://www.imdb.com/title/tt4574334','8.7','https://www.rottentomatoes.com/tv/stranger_things','91%'),('61991b02ec71e1cdf129c2e4f41efa37','Soul',NULL,'bcdcb7c55a7b42fee2b510ec70768ff3','PG',NULL,'After landing the gig of a lifetime, a New York jazz pianist suddenly finds himself trapped in a strange land between Earth and the afterlife.','https://www.imdb.com/title/tt2948372/','8.0','https://www.rottentomatoes.com/m/soul_2020','95%'),('62466dedf479020be43b80f7fc3f7909','Hocus Pocus 2',NULL,'19f440913e849163dd259d0ed92f985e','PG',NULL,'Two young women accidentally bring back the Sanderson Sisters to modern day Salem and must figure out how to stop the child-hungry witches from wreaking havoc on the world.','https://www.imdb.com/title/tt11909878/','6.1','https://www.rottentomatoes.com/m/hocus_pocus_2','63%'),('7aedde6f51d7bfcdff7877715f8f16ee','La La Land',NULL,'d8fa278001375d730d1597a3a77df0bf','PG-13',NULL,'While navigating their careers in Los Angeles, a pianist and an actress fall in love while attempting to reconcile their aspirations for the future.','https://www.imdb.com/title/tt3783958/','8.0','https://www.rottentomatoes.com/m/la_la_land','91%'),('8b0e961e00257eff16578f78946b2366','Dune',NULL,'75d7a3573375a1a69b1b36908b64bdc7','PG-13',NULL,'A noble family becomes embroiled in a war for control over the galaxy\'s most valuable asset while its heir becomes troubled by visions of a dark future.','https://www.imdb.com/title/tt1160419/','8.0','https://www.rottentomatoes.com/m/dune_2021','83%'),('8b47cb4095e9f503230e33eb8d0f9fb2','This Is the End',NULL,'b856107f206d613d1f7a7997e5770078','R',NULL,'Six Los Angeles celebrities are stuck in James Franco\'s house after a series of devastating events just destroyed the city. Inside, the group not only have to face the apocalypse, but themselves.','https://www.imdb.com/title/tt1245492/','6.6','https://www.rottentomatoes.com/m/this_is_the_end','83%'),('8b6bf6622a9061f7c4df8aeed810ffe8','Morbius',NULL,'80ba66d25e0e468f8f0c66fc37a04fb0','PG-13',NULL,'Biochemist Michael Morbius tries to cure himself of a rare blood disease, but he inadvertently infects himself with a form of vampirism instead.','https://www.imdb.com/title/tt5108870/','5.2','https://www.rottentomatoes.com/m/morbius','15%'),('902c07b42b7eb3c040f79b9e017127f1','Narcos',NULL,'3cd925d70f75c9316babdca26617d610','TV-MA',NULL,'A chronicled look at the criminal exploits of Colombian drug lord Pablo Escobar, as well as the many other drug kingpins who plagued the country through the years.','https://www.imdb.com/title/tt2707408','8.8','https://www.rottentomatoes.com/tv/narcos','89%'),('9836a2d528a43e40eb01b5dccec69dca','The Social Dilemma',NULL,'7cc35c99c83e4bc30748b06e4c30d121','PG-13',NULL,'Explores the dangerous human impact of social networking, with tech experts sounding the alarm on their own creations.','https://www.imdb.com/title/tt11464826/','7.6','https://www.rottentomatoes.com/m/the_social_dilemma','85%'),('9bd62abb31a6d7e289ca91ca96739483','Planet Earth II',NULL,'789cf3ccc116cb985c52e8156d662a43','TV-G',NULL,'David Attenborough returns with a new wildlife documentary that shows life in a variety of habitats.','https://www.imdb.com/title/tt5491994','9.5','https://www.rottentomatoes.com/tv/planet_earth_ii','100%'),('a3c03a6ef7af66b25319abb88b72c9bc','The Boys',NULL,'846626b96e29fa7c099ed04435f028e6','TV-MA',NULL,'A group of vigilantes set out to take down corrupt superheroes who abuse their superpowers.','https://www.imdb.com/title/tt1190634','8.7','https://www.rottentomatoes.com/tv/the_boys_2019','93%'),('a6bbf07cce81c9e41eb25fc173903743','Black Swan',NULL,'94b17b92e6ed1abb5534ea5b56169dd0','R',NULL,'A committed dancer struggles to maintain her sanity after winning the lead role in a production of Tchaikovsky\'s \"Swan Lake\".','https://www.imdb.com/title/tt0947798','8.0','https://www.rottentomatoes.com/m/black_swan_2010','85%'),('a6d0850a32f326cae995d9adc391bd8c','Euphoria',NULL,'68316122f5484591f68de6c98ea99b40','TV-MA',NULL,'A look at life for a group of high school students as they grapple with issues of drugs, sex, and violence.','https://www.imdb.com/title/tt8772296','8.4','https://www.rottentomatoes.com/tv/euphoria','88%'),('a7c173bdcf0f3c7f33caebd61f76d870','Nightcrawler',NULL,'e8462c844a3c3ab8341d4ecf6d6c518f','R',NULL,'When Louis Bloom, a con man desperate for work, muscles into the world of L.A. crime journalism, he blurs the line between observer and participant to become the star of his own story.','https://www.imdb.com/title/tt2872718','7.8','https://www.rottentomatoes.com/m/nightcrawler','95%'),('a95f03ae8dc6d501ee609d230a4b2b8d','Father Stu',NULL,'5f0c7ac1c91aa833182534d5cd3dcdd1','R',NULL,'Follows the life of Father Stuart Long, a boxer-turned-priest who inspired countless people during his journey from self-destruction to redemption.','https://www.imdb.com/title/tt14439896/','6.4','https://www.rottentomatoes.com/m/father_stu','42%'),('aaa4b42bb6fd4e984c09a061fbe08fa0','Fargo',NULL,'ccb25265e42a4da0a78dcbe32e694672','TV-MA',NULL,'Various chronicles of deception, intrigue and murder in and around frozen Minnesota. Yet all of these tales mysteriously lead back one way or another to Fargo, North Dakota.','https://www.imdb.com/title/tt2802850','8.9','https://www.rottentomatoes.com/m/fargo','94%'),('b16819923148e9544c96ff72f0ab06f7','Super/Natural',NULL,'80518286a8f516e7c30a60b43c2dc4f0','TV-PG',NULL,'Using the latest scientific innovations and filmmaking technology, the powers and super-senses of the world\'s animals will be revealed, inviting viewers to experience the natural world as a specific species does.','https://www.imdb.com/title/tt21441286/','9.4','https://www.rottentomatoes.com/tv/super_natural',''),('bb3e399956149dd5e0ca694a1b3b4c2a','Our Flag Means Death',NULL,'74a65fb7d97f281da40320167a86c0e8','TV-MA',NULL,'The year is 1717. Wealthy landowner Stede Bonnet has a midlife crisis and decides to blow up his cushy life to become a pirate. It does not go well. Based on a true story.','https://www.imdb.com/title/tt11000902/','7.8','https://www.rottentomatoes.com/tv/our_flag_means_death','92%'),('bb5d6388e2a4f307cb8fc2e3692707b0','The Dark Knight',NULL,'80f6ba8ec2337c63d469719a84137be2','PG-13',NULL,'When the menace known as the Joker wreaks havoc and chaos on the people of Gotham, Batman must accept one of the greatest psychological and physical tests of his ability to fight injustice.','https://www.imdb.com/title/tt0468569/','9.0','https://www.rottentomatoes.com/m/the_dark_knight','94%'),('c3e35a8936f8019223df2e60833e9534','Black Mirror',NULL,'e4c476fe40a6121d62ea299433305990','TV-MA',NULL,'An anthology series exploring a twisted, high-tech multiverse where humanity\'s greatest innovations and darkest instincts collide.','https://www.imdb.com/title/tt2085059','8.8','https://www.rottentomatoes.com/tv/black_mirror','84%'),('c4356f11201cd23abfc1d46d196a51e2','Peaky Blinders',NULL,'cf8455ea97ae68d4416496573efdc35d','TV-MA',NULL,'A gangster family epic set in 1900s England, centering on a gang who sew razor blades in the peaks of their caps, and their fierce boss Tommy Shelby.','https://www.imdb.com/title/tt2442560','8.8','https://www.rottentomatoes.com/tv/peaky_blinders','94%'),('c87a7c28f77ce0f0762547de60612422','Devil in Ohio',NULL,'858919e221b223dcbf4d1b4caf328f6e','TV-MA',NULL,'When a psychiatrist shelters a mysterious cult escapee, her world is turned upside down as the girl\'s arrival threatens to tear her own family apart.','https://www.imdb.com/title/tt15432016/','5.9','https://www.rottentomatoes.com/tv/devil_in_ohio','45%'),('d0c9733ae9f98e6f34649696c680dd8f','Snow White and the Huntsman',NULL,'d82eec4636d1e4e39e638f14f6c16f2b','PG-13',NULL,'In a twist to the fairy tale, the Huntsman ordered to take Snow White into the woods to be killed winds up becoming her protector and mentor in a quest to vanquish the Evil Queen.','https://www.imdb.com/title/tt1735898/','6.1','https://www.rottentomatoes.com/m/snow_white_and_the_huntsman','49%'),('ddb3e765c6260ac5ff9fd9cbcf47bfea','Parasite',NULL,'2cf39c004d640423f953a22e2b990e16','R',NULL,'Greed and class discrimination threaten the newly formed symbiotic relationship between the wealthy Park family and the destitute Kim clan.','https://www.imdb.com/title/tt6751668','8.5','https://www.rottentomatoes.com/m/parasite_2019','99%'),('de724745f88c65fedfc0e01ebba05eab','Nathan for You',NULL,'35f334f9a26e74c2f5edfbd06426a264','TV-14',NULL,'Nathan Fielder uses his business degree and life experiences to help real small businesses turn a profit. But because of his unorthodox approach, Nathan\'s genuine efforts to do good often draw real people into an experience far beyond what they signed up for.','https://www.imdb.com/title/tt2297757','8.9','https://www.rottentomatoes.com/tv/nathan-for-you','97%'),('e3a98247c62c5a051714f796829ecca1','Whiplash',NULL,'6794309645f1a2fa2efee1992d393922','R',NULL,'A promising young drummer enrolls at a cut-throat music conservatory where his dreams of greatness are mentored by an instructor who will stop at nothing to realize a student\'s potential.','https://www.imdb.com/title/tt2582802/','8.5','https://www.rottentomatoes.com/m/whiplash_2014','94%'),('ebc62ca46b2ca23452ea897fe53112d8','Broken Karaoke',NULL,'f9542076b7a278ea722c32d8d4ee3118','TV-G',NULL,'In Broken Karaoke, your favorite Disney Channel characters take the stage and sing hilarious parodies of iconic pop songs.','https://www.imdb.com/title/tt21624968/','7.3','https://www.rottentomatoes.com/tv/broken_karaoke',''),('f164ad677913e9535910b650da4a6ef3','Django Unchained',NULL,'fae64d545230cebdd7f66180ab327e9d','R',NULL,'With the help of a German bounty-hunter, a freed slave sets out to rescue his wife from a brutal plantation-owner in Mississippi.','https://www.imdb.com/title/tt1853728','8.4','https://www.rottentomatoes.com/m/django_unchained_2012','86%'),('f3f997a480a6710e8d801e6e451b78ed','The Dark Knight Rises',NULL,'31667b6aa87801b47e884edee914a19e','PG-13',NULL,'Eight years after the Joker\'s reign of anarchy, Batman, with the help of the enigmatic Catwoman, is forced from his exile to save Gotham City from the brutal guerrilla terrorist Bane.','https://www.imdb.com/title/tt1345836/','8.4','https://www.rottentomatoes.com/m/the_dark_knight_rises','87%'),('fec05ad7b15ccb92a0b3431882ef2c07','The Imperfects',NULL,'a47dd9ae1cc32b4b12b4199de93ad764','TV-MA',NULL,'After an experimental gene therapy turns them into monsters, three twenty-somethings band together to hunt down the scientist responsible and force him to make them human again.','https://www.imdb.com/title/tt14502728/','6.2','https://www.rottentomatoes.com/tv/the_imperfects','');
/*!40000 ALTER TABLE `titles` ENABLE KEYS */;
UNLOCK TABLES;

--
-- Table structure for table `tokens`
--

DROP TABLE IF EXISTS `tokens`;
/*!40101 SET @saved_cs_client     = @@character_set_client */;
/*!50503 SET character_set_client = utf8mb4 */;
CREATE TABLE `tokens` (
  `token` varchar(256) NOT NULL,
  `user_id` varchar(64) NOT NULL,
  `created` bigint DEFAULT NULL,
  `expires` bigint DEFAULT NULL,
  PRIMARY KEY (`token`),
  KEY `fk_tokens_users1_idx` (`user_id`),
  CONSTRAINT `fk_tokens_users1` FOREIGN KEY (`user_id`) REFERENCES `users` (`user_id`)
) ENGINE=InnoDB DEFAULT CHARSET=utf8mb4 COLLATE=utf8mb4_0900_ai_ci;
/*!40101 SET character_set_client = @saved_cs_client */;

--
-- Dumping data for table `tokens`
--

LOCK TABLES `tokens` WRITE;
/*!40000 ALTER TABLE `tokens` DISABLE KEYS */;
INSERT INTO `tokens` VALUES ('b9caf44d92e8ead9492b7fe1e35dcbc1301ad7a95ca1b918bd27ee4c2dc70601c633e636f098b1631e14e463c42bf0e1a0f70a2f08ad3a081e84a49763ccb447','0d44f729520da85a',1671913249849,1671999649849);
/*!40000 ALTER TABLE `tokens` ENABLE KEYS */;
UNLOCK TABLES;

--
-- Table structure for table `userratings`
--

DROP TABLE IF EXISTS `userratings`;
/*!40101 SET @saved_cs_client     = @@character_set_client */;
/*!50503 SET character_set_client = utf8mb4 */;
CREATE TABLE `userratings` (
  `user_id` varchar(64) NOT NULL,
  `title_id` varchar(64) NOT NULL,
  `positive` tinyint DEFAULT NULL,
  KEY `fk_userratings_title1_idx` (`title_id`),
  KEY `fk_userratings_users1_idx` (`user_id`),
  CONSTRAINT `fk_userratings_title1` FOREIGN KEY (`title_id`) REFERENCES `titles` (`title_id`),
  CONSTRAINT `fk_userratings_users1` FOREIGN KEY (`user_id`) REFERENCES `users` (`user_id`)
) ENGINE=InnoDB DEFAULT CHARSET=utf8mb4 COLLATE=utf8mb4_0900_ai_ci;
/*!40101 SET character_set_client = @saved_cs_client */;

--
-- Dumping data for table `userratings`
--

LOCK TABLES `userratings` WRITE;
/*!40000 ALTER TABLE `userratings` DISABLE KEYS */;
/*!40000 ALTER TABLE `userratings` ENABLE KEYS */;
UNLOCK TABLES;

--
-- Table structure for table `users`
--

DROP TABLE IF EXISTS `users`;
/*!40101 SET @saved_cs_client     = @@character_set_client */;
/*!50503 SET character_set_client = utf8mb4 */;
CREATE TABLE `users` (
  `user_id` varchar(64) NOT NULL,
  `handle` varchar(64) DEFAULT NULL,
  `password` varchar(128) DEFAULT NULL,
  `country` varchar(8) DEFAULT NULL,
  `locked` tinyint DEFAULT NULL,
  `admin` tinyint DEFAULT NULL,
  `super_admin` tinyint DEFAULT NULL,
  `email` varchar(128) DEFAULT NULL,
  `email_verified` tinyint DEFAULT NULL,
  PRIMARY KEY (`user_id`)
) ENGINE=InnoDB DEFAULT CHARSET=utf8mb4 COLLATE=utf8mb4_0900_ai_ci;
/*!40101 SET character_set_client = @saved_cs_client */;

--
-- Dumping data for table `users`
--

LOCK TABLES `users` WRITE;
/*!40000 ALTER TABLE `users` DISABLE KEYS */;
INSERT INTO `users` VALUES ('0d44f729520da85a','admin','ef92b778bafe771e89245b89ecbc08a44a4e166c06659911881f383d4473e94f','',0,1,0,'sample@mail.com',0);
/*!40000 ALTER TABLE `users` ENABLE KEYS */;
UNLOCK TABLES;

--
-- Table structure for table `userstreams`
--

DROP TABLE IF EXISTS `userstreams`;
/*!40101 SET @saved_cs_client     = @@character_set_client */;
/*!50503 SET character_set_client = utf8mb4 */;
CREATE TABLE `userstreams` (
  `user_id` varchar(64) NOT NULL,
  `platform` varchar(32) NOT NULL,
  KEY `fk_userstreams_users1_idx` (`user_id`),
  KEY `fk_userstreams_platforms1_idx` (`platform`),
  CONSTRAINT `fk_userstreams_users1` FOREIGN KEY (`user_id`) REFERENCES `users` (`user_id`)
) ENGINE=InnoDB DEFAULT CHARSET=utf8mb4 COLLATE=utf8mb4_0900_ai_ci;
/*!40101 SET character_set_client = @saved_cs_client */;

--
-- Dumping data for table `userstreams`
--

LOCK TABLES `userstreams` WRITE;
/*!40000 ALTER TABLE `userstreams` DISABLE KEYS */;
/*!40000 ALTER TABLE `userstreams` ENABLE KEYS */;
UNLOCK TABLES;
/*!40103 SET TIME_ZONE=@OLD_TIME_ZONE */;

/*!40101 SET SQL_MODE=@OLD_SQL_MODE */;
/*!40014 SET FOREIGN_KEY_CHECKS=@OLD_FOREIGN_KEY_CHECKS */;
/*!40014 SET UNIQUE_CHECKS=@OLD_UNIQUE_CHECKS */;
/*!40101 SET CHARACTER_SET_CLIENT=@OLD_CHARACTER_SET_CLIENT */;
/*!40101 SET CHARACTER_SET_RESULTS=@OLD_CHARACTER_SET_RESULTS */;
/*!40101 SET COLLATION_CONNECTION=@OLD_COLLATION_CONNECTION */;
/*!40111 SET SQL_NOTES=@OLD_SQL_NOTES */;

-- Dump completed on 2022-12-24 15:23:11
